feature_set,model_group,method,horizon_path,plots_root,horizon_field,mean_error,time_sec
motion_yaw,constant_velocity,constant_velocity_last_step,/workspaces/nuscenes_trajectory_demo/outputs/results_motion_yaw/constant_velocity/constant_velocity_horizon_errors.csv,/workspaces/nuscenes_trajectory_demo/outputs/plots_motion_yaw,err_0p5s,0.079596816411481,0.5
motion_yaw,constant_velocity,constant_velocity_last_step,/workspaces/nuscenes_trajectory_demo/outputs/results_motion_yaw/constant_velocity/constant_velocity_horizon_errors.csv,/workspaces/nuscenes_trajectory_demo/outputs/plots_motion_yaw,err_1p0s,0.1930019340440842,1.0
motion_yaw,constant_velocity,constant_velocity_last_step,/workspaces/nuscenes_trajectory_demo/outputs/results_motion_yaw/constant_velocity/constant_velocity_horizon_errors.csv,/workspaces/nuscenes_trajectory_demo/outputs/plots_motion_yaw,err_1p5s,0.335005584032223,1.5
motion_yaw,constant_velocity,constant_velocity_last_step,/workspaces/nuscenes_trajectory_demo/outputs/results_motion_yaw/constant_velocity/constant_velocity_horizon_errors.csv,/workspaces/nuscenes_trajectory_demo/outputs/plots_motion_yaw,err_2p0s,0.498778968983474,2.0
motion_yaw,constant_velocity,constant_velocity_last_step,/workspaces/nuscenes_trajectory_demo/outputs/results_motion_yaw/constant_velocity/constant_velocity_horizon_errors.csv,/workspaces/nuscenes_trajectory_demo/outputs/plots_motion_yaw,err_2p5s,0.6890124726714103,2.5
motion_yaw,constant_velocity,constant_velocity_last_step,/workspaces/nuscenes_trajectory_demo/outputs/results_motion_yaw/constant_velocity/constant_velocity_horizon_errors.csv,/workspaces/nuscenes_trajectory_demo/outputs/plots_motion_yaw,err_3p0s,0.902246685965112,3.0
motion_yaw,constant_velocity,constant_velocity_last_step,/workspaces/nuscenes_trajectory_demo/outputs/results_motion_yaw/constant_velocity/constant_velocity_horizon_errors.csv,/workspaces/nuscenes_trajectory_demo/outputs/plots_motion_yaw,err_3p5s,1.1404653969695409,3.5
motion_yaw,constant_velocity,constant_velocity_last_step,/workspaces/nuscenes_trajectory_demo/outputs/results_motion_yaw/constant_velocity/constant_velocity_horizon_errors.csv,/workspaces/nuscenes_trajectory_demo/outputs/plots_motion_yaw,err_4p0s,1.3969370321627304,4.0
motion_yaw,constant_velocity,constant_velocity_last_step,/workspaces/nuscenes_trajectory_demo/outputs/results_motion_yaw/constant_velocity/constant_velocity_horizon_errors.csv,/workspaces/nuscenes_trajectory_demo/outputs/plots_motion_yaw,err_4p5s,1.681038905704554,4.5
motion_yaw,constant_velocity,constant_velocity_last_step,/workspaces/nuscenes_trajectory_demo/outputs/results_motion_yaw/constant_velocity/constant_velocity_horizon_errors.csv,/workspaces/nuscenes_trajectory_demo/outputs/plots_motion_yaw,err_5p0s,1.978960850602479,5.0
motion_yaw,constant_velocity,constant_velocity_last_step,/workspaces/nuscenes_trajectory_demo/outputs/results_motion_yaw/constant_velocity/constant_velocity_horizon_errors.csv,/workspaces/nuscenes_trajectory_demo/outputs/plots_motion_yaw,err_5p5s,2.2975037539356644,5.5
motion_yaw,constant_velocity,constant_velocity_last_step,/workspaces/nuscenes_trajectory_demo/outputs/results_motion_yaw/constant_velocity/constant_velocity_horizon_errors.csv,/workspaces/nuscenes_trajectory_demo/outputs/plots_motion_yaw,err_6p0s,2.6385461937492933,6.0
motion_yaw,constant_velocity,constant_velocity_smoothed,/workspaces/nuscenes_trajectory_demo/outputs/results_motion_yaw/constant_velocity/constant_velocity_horizon_errors.csv,/workspaces/nuscenes_trajectory_demo/outputs/plots_motion_yaw,err_0p5s,0.1251466127619096,0.5
motion_yaw,constant_velocity,constant_velocity_smoothed,/workspaces/nuscenes_trajectory_demo/outputs/results_motion_yaw/constant_velocity/constant_velocity_horizon_errors.csv,/workspaces/nuscenes_trajectory_demo/outputs/plots_motion_yaw,err_1p0s,0.270759246196855,1.0
motion_yaw,constant_velocity,constant_velocity_smoothed,/workspaces/nuscenes_trajectory_demo/outputs/results_motion_yaw/constant_velocity/constant_velocity_horizon_errors.csv,/workspaces/nuscenes_trajectory_demo/outputs/plots_motion_yaw,err_1p5s,0.4381657388633936,1.5
motion_yaw,constant_velocity,constant_velocity_smoothed,/workspaces/nuscenes_trajectory_demo/outputs/results_motion_yaw/constant_velocity/constant_velocity_horizon_errors.csv,/workspaces/nuscenes_trajectory_demo/outputs/plots_motion_yaw,err_2p0s,0.6230926699142959,2.0
motion_yaw,constant_velocity,constant_velocity_smoothed,/workspaces/nuscenes_trajectory_demo/outputs/results_motion_yaw/constant_velocity/constant_velocity_horizon_errors.csv,/workspaces/nuscenes_trajectory_demo/outputs/plots_motion_yaw,err_2p5s,0.8298652010766587,2.5
motion_yaw,constant_velocity,constant_velocity_smoothed,/workspaces/nuscenes_trajectory_demo/outputs/results_motion_yaw/constant_velocity/constant_velocity_horizon_errors.csv,/workspaces/nuscenes_trajectory_demo/outputs/plots_motion_yaw,err_3p0s,1.0553904312405806,3.0
motion_yaw,constant_velocity,constant_velocity_smoothed,/workspaces/nuscenes_trajectory_demo/outputs/results_motion_yaw/constant_velocity/constant_velocity_horizon_errors.csv,/workspaces/nuscenes_trajectory_demo/outputs/plots_motion_yaw,err_3p5s,1.305474393749302,3.5
motion_yaw,constant_velocity,constant_velocity_smoothed,/workspaces/nuscenes_trajectory_demo/outputs/results_motion_yaw/constant_velocity/constant_velocity_horizon_errors.csv,/workspaces/nuscenes_trajectory_demo/outputs/plots_motion_yaw,err_4p0s,1.5744759929005918,4.0
motion_yaw,constant_velocity,constant_velocity_smoothed,/workspaces/nuscenes_trajectory_demo/outputs/results_motion_yaw/constant_velocity/constant_velocity_horizon_errors.csv,/workspaces/nuscenes_trajectory_demo/outputs/plots_motion_yaw,err_4p5s,1.8653851888877648,4.5
motion_yaw,constant_velocity,constant_velocity_smoothed,/workspaces/nuscenes_trajectory_demo/outputs/results_motion_yaw/constant_velocity/constant_velocity_horizon_errors.csv,/workspaces/nuscenes_trajectory_demo/outputs/plots_motion_yaw,err_5p0s,2.168685438442398,5.0
motion_yaw,constant_velocity,constant_velocity_smoothed,/workspaces/nuscenes_trajectory_demo/outputs/results_motion_yaw/constant_velocity/constant_velocity_horizon_errors.csv,/workspaces/nuscenes_trajectory_demo/outputs/plots_motion_yaw,err_5p5s,2.4972499739553977,5.5
motion_yaw,constant_velocity,constant_velocity_smoothed,/workspaces/nuscenes_trajectory_demo/outputs/results_motion_yaw/constant_velocity/constant_velocity_horizon_errors.csv,/workspaces/nuscenes_trajectory_demo/outputs/plots_motion_yaw,err_6p0s,2.847668970837152,6.0
motion_yaw,gru,gru_hidden_128_layers_1,/workspaces/nuscenes_trajectory_demo/outputs/results_motion_yaw/gru/gru_horizon_errors.csv,/workspaces/nuscenes_trajectory_demo/outputs/plots_motion_yaw,err_0p5s,0.1103633112156372,0.5
motion_yaw,gru,gru_hidden_128_layers_1,/workspaces/nuscenes_trajectory_demo/outputs/results_motion_yaw/gru/gru_horizon_errors.csv,/workspaces/nuscenes_trajectory_demo/outputs/plots_motion_yaw,err_1p0s,0.220430820290527,1.0
motion_yaw,gru,gru_hidden_128_layers_1,/workspaces/nuscenes_trajectory_demo/outputs/results_motion_yaw/gru/gru_horizon_errors.csv,/workspaces/nuscenes_trajectory_demo/outputs/plots_motion_yaw,err_1p5s,0.3350934368003932,1.5
motion_yaw,gru,gru_hidden_128_layers_1,/workspaces/nuscenes_trajectory_demo/outputs/results_motion_yaw/gru/gru_horizon_errors.csv,/workspaces/nuscenes_trajectory_demo/outputs/plots_motion_yaw,err_2p0s,0.470173711521387,2.0
motion_yaw,gru,gru_hidden_128_layers_1,/workspaces/nuscenes_trajectory_demo/outputs/results_motion_yaw/gru/gru_horizon_errors.csv,/workspaces/nuscenes_trajectory_demo/outputs/plots_motion_yaw,err_2p5s,0.6175414581693158,2.5
motion_yaw,gru,gru_hidden_128_layers_1,/workspaces/nuscenes_trajectory_demo/outputs/results_motion_yaw/gru/gru_horizon_errors.csv,/workspaces/nuscenes_trajectory_demo/outputs/plots_motion_yaw,err_3p0s,0.7746412502972155,3.0
motion_yaw,gru,gru_hidden_128_layers_1,/workspaces/nuscenes_trajectory_demo/outputs/results_motion_yaw/gru/gru_horizon_errors.csv,/workspaces/nuscenes_trajectory_demo/outputs/plots_motion_yaw,err_3p5s,0.9378528185202,3.5
motion_yaw,gru,gru_hidden_128_layers_1,/workspaces/nuscenes_trajectory_demo/outputs/results_motion_yaw/gru/gru_horizon_errors.csv,/workspaces/nuscenes_trajectory_demo/outputs/plots_motion_yaw,err_4p0s,1.112233723701634,4.0
motion_yaw,gru,gru_hidden_128_layers_1,/workspaces/nuscenes_trajectory_demo/outputs/results_motion_yaw/gru/gru_horizon_errors.csv,/workspaces/nuscenes_trajectory_demo/outputs/plots_motion_yaw,err_4p5s,1.30851110225591,4.5
motion_yaw,gru,gru_hidden_128_layers_1,/workspaces/nuscenes_trajectory_demo/outputs/results_motion_yaw/gru/gru_horizon_errors.csv,/workspaces/nuscenes_trajectory_demo/outputs/plots_motion_yaw,err_5p0s,1.5220373916851135,5.0
motion_yaw,gru,gru_hidden_128_layers_1,/workspaces/nuscenes_trajectory_demo/outputs/results_motion_yaw/gru/gru_horizon_errors.csv,/workspaces/nuscenes_trajectory_demo/outputs/plots_motion_yaw,err_5p5s,1.7537898937741625,5.5
motion_yaw,gru,gru_hidden_128_layers_1,/workspaces/nuscenes_trajectory_demo/outputs/results_motion_yaw/gru/gru_horizon_errors.csv,/workspaces/nuscenes_trajectory_demo/outputs/plots_motion_yaw,err_6p0s,2.015351229760034,6.0
motion_yaw,gru,gru_hidden_128_layers_2,/workspaces/nuscenes_trajectory_demo/outputs/results_motion_yaw/gru/gru_horizon_errors.csv,/workspaces/nuscenes_trajectory_demo/outputs/plots_motion_yaw,err_0p5s,0.1330838256336309,0.5
motion_yaw,gru,gru_hidden_128_layers_2,/workspaces/nuscenes_trajectory_demo/outputs/results_motion_yaw/gru/gru_horizon_errors.csv,/workspaces/nuscenes_trajectory_demo/outputs/plots_motion_yaw,err_1p0s,0.2496555019527229,1.0
motion_yaw,gru,gru_hidden_128_layers_2,/workspaces/nuscenes_trajectory_demo/outputs/results_motion_yaw/gru/gru_horizon_errors.csv,/workspaces/nuscenes_trajectory_demo/outputs/plots_motion_yaw,err_1p5s,0.3717857513263218,1.5
motion_yaw,gru,gru_hidden_128_layers_2,/workspaces/nuscenes_trajectory_demo/outputs/results_motion_yaw/gru/gru_horizon_errors.csv,/workspaces/nuscenes_trajectory_demo/outputs/plots_motion_yaw,err_2p0s,0.5045386471822646,2.0
motion_yaw,gru,gru_hidden_128_layers_2,/workspaces/nuscenes_trajectory_demo/outputs/results_motion_yaw/gru/gru_horizon_errors.csv,/workspaces/nuscenes_trajectory_demo/outputs/plots_motion_yaw,err_2p5s,0.6563508879480651,2.5
motion_yaw,gru,gru_hidden_128_layers_2,/workspaces/nuscenes_trajectory_demo/outputs/results_motion_yaw/gru/gru_horizon_errors.csv,/workspaces/nuscenes_trajectory_demo/outputs/plots_motion_yaw,err_3p0s,0.8208935607439013,3.0
motion_yaw,gru,gru_hidden_128_layers_2,/workspaces/nuscenes_trajectory_demo/outputs/results_motion_yaw/gru/gru_horizon_errors.csv,/workspaces/nuscenes_trajectory_demo/outputs/plots_motion_yaw,err_3p5s,0.999271838159819,3.5
motion_yaw,gru,gru_hidden_128_layers_2,/workspaces/nuscenes_trajectory_demo/outputs/results_motion_yaw/gru/gru_horizon_errors.csv,/workspaces/nuscenes_trajectory_demo/outputs/plots_motion_yaw,err_4p0s,1.19829470363435,4.0
motion_yaw,gru,gru_hidden_128_layers_2,/workspaces/nuscenes_trajectory_demo/outputs/results_motion_yaw/gru/gru_horizon_errors.csv,/workspaces/nuscenes_trajectory_demo/outputs/plots_motion_yaw,err_4p5s,1.4040536088882205,4.5
motion_yaw,gru,gru_hidden_128_layers_2,/workspaces/nuscenes_trajectory_demo/outputs/results_motion_yaw/gru/gru_horizon_errors.csv,/workspaces/nuscenes_trajectory_demo/outputs/plots_motion_yaw,err_5p0s,1.6410814972048022,5.0
motion_yaw,gru,gru_hidden_128_layers_2,/workspaces/nuscenes_trajectory_demo/outputs/results_motion_yaw/gru/gru_horizon_errors.csv,/workspaces/nuscenes_trajectory_demo/outputs/plots_motion_yaw,err_5p5s,1.8863947488425763,5.5
motion_yaw,gru,gru_hidden_128_layers_2,/workspaces/nuscenes_trajectory_demo/outputs/results_motion_yaw/gru/gru_horizon_errors.csv,/workspaces/nuscenes_trajectory_demo/outputs/plots_motion_yaw,err_6p0s,2.1572248112140437,6.0
motion_yaw,gru,gru_hidden_128_layers_3,/workspaces/nuscenes_trajectory_demo/outputs/results_motion_yaw/gru/gru_horizon_errors.csv,/workspaces/nuscenes_trajectory_demo/outputs/plots_motion_yaw,err_0p5s,0.1108455324695321,0.5
motion_yaw,gru,gru_hidden_128_layers_3,/workspaces/nuscenes_trajectory_demo/outputs/results_motion_yaw/gru/gru_horizon_errors.csv,/workspaces/nuscenes_trajectory_demo/outputs/plots_motion_yaw,err_1p0s,0.2117808739514492,1.0
motion_yaw,gru,gru_hidden_128_layers_3,/workspaces/nuscenes_trajectory_demo/outputs/results_motion_yaw/gru/gru_horizon_errors.csv,/workspaces/nuscenes_trajectory_demo/outputs/plots_motion_yaw,err_1p5s,0.322176990697368,1.5
motion_yaw,gru,gru_hidden_128_layers_3,/workspaces/nuscenes_trajectory_demo/outputs/results_motion_yaw/gru/gru_horizon_errors.csv,/workspaces/nuscenes_trajectory_demo/outputs/plots_motion_yaw,err_2p0s,0.4428000068053899,2.0
motion_yaw,gru,gru_hidden_128_layers_3,/workspaces/nuscenes_trajectory_demo/outputs/results_motion_yaw/gru/gru_horizon_errors.csv,/workspaces/nuscenes_trajectory_demo/outputs/plots_motion_yaw,err_2p5s,0.5735940782277876,2.5
motion_yaw,gru,gru_hidden_128_layers_3,/workspaces/nuscenes_trajectory_demo/outputs/results_motion_yaw/gru/gru_horizon_errors.csv,/workspaces/nuscenes_trajectory_demo/outputs/plots_motion_yaw,err_3p0s,0.7193137356311623,3.0
motion_yaw,gru,gru_hidden_128_layers_3,/workspaces/nuscenes_trajectory_demo/outputs/results_motion_yaw/gru/gru_horizon_errors.csv,/workspaces/nuscenes_trajectory_demo/outputs/plots_motion_yaw,err_3p5s,0.8695011391623253,3.5
motion_yaw,gru,gru_hidden_128_layers_3,/workspaces/nuscenes_trajectory_demo/outputs/results_motion_yaw/gru/gru_horizon_errors.csv,/workspaces/nuscenes_trajectory_demo/outputs/plots_motion_yaw,err_4p0s,1.0348765432592535,4.0
motion_yaw,gru,gru_hidden_128_layers_3,/workspaces/nuscenes_trajectory_demo/outputs/results_motion_yaw/gru/gru_horizon_errors.csv,/workspaces/nuscenes_trajectory_demo/outputs/plots_motion_yaw,err_4p5s,1.225813686614856,4.5
motion_yaw,gru,gru_hidden_128_layers_3,/workspaces/nuscenes_trajectory_demo/outputs/results_motion_yaw/gru/gru_horizon_errors.csv,/workspaces/nuscenes_trajectory_demo/outputs/plots_motion_yaw,err_5p0s,1.4255632026812568,5.0
motion_yaw,gru,gru_hidden_128_layers_3,/workspaces/nuscenes_trajectory_demo/outputs/results_motion_yaw/gru/gru_horizon_errors.csv,/workspaces/nuscenes_trajectory_demo/outputs/plots_motion_yaw,err_5p5s,1.6461169958873307,5.5
motion_yaw,gru,gru_hidden_128_layers_3,/workspaces/nuscenes_trajectory_demo/outputs/results_motion_yaw/gru/gru_horizon_errors.csv,/workspaces/nuscenes_trajectory_demo/outputs/plots_motion_yaw,err_6p0s,1.8935206402318063,6.0
motion_yaw,gru,gru_hidden_256_layers_1,/workspaces/nuscenes_trajectory_demo/outputs/results_motion_yaw/gru/gru_horizon_errors.csv,/workspaces/nuscenes_trajectory_demo/outputs/plots_motion_yaw,err_0p5s,0.1002986777564894,0.5
motion_yaw,gru,gru_hidden_256_layers_1,/workspaces/nuscenes_trajectory_demo/outputs/results_motion_yaw/gru/gru_horizon_errors.csv,/workspaces/nuscenes_trajectory_demo/outputs/plots_motion_yaw,err_1p0s,0.1931298346025869,1.0
motion_yaw,gru,gru_hidden_256_layers_1,/workspaces/nuscenes_trajectory_demo/outputs/results_motion_yaw/gru/gru_horizon_errors.csv,/workspaces/nuscenes_trajectory_demo/outputs/plots_motion_yaw,err_1p5s,0.3101406096565453,1.5
motion_yaw,gru,gru_hidden_256_layers_1,/workspaces/nuscenes_trajectory_demo/outputs/results_motion_yaw/gru/gru_horizon_errors.csv,/workspaces/nuscenes_trajectory_demo/outputs/plots_motion_yaw,err_2p0s,0.4299435458960943,2.0
motion_yaw,gru,gru_hidden_256_layers_1,/workspaces/nuscenes_trajectory_demo/outputs/results_motion_yaw/gru/gru_horizon_errors.csv,/workspaces/nuscenes_trajectory_demo/outputs/plots_motion_yaw,err_2p5s,0.5656054651428183,2.5
motion_yaw,gru,gru_hidden_256_layers_1,/workspaces/nuscenes_trajectory_demo/outputs/results_motion_yaw/gru/gru_horizon_errors.csv,/workspaces/nuscenes_trajectory_demo/outputs/plots_motion_yaw,err_3p0s,0.7180460244714844,3.0
motion_yaw,gru,gru_hidden_256_layers_1,/workspaces/nuscenes_trajectory_demo/outputs/results_motion_yaw/gru/gru_horizon_errors.csv,/workspaces/nuscenes_trajectory_demo/outputs/plots_motion_yaw,err_3p5s,0.8782582701453727,3.5
motion_yaw,gru,gru_hidden_256_layers_1,/workspaces/nuscenes_trajectory_demo/outputs/results_motion_yaw/gru/gru_horizon_errors.csv,/workspaces/nuscenes_trajectory_demo/outputs/plots_motion_yaw,err_4p0s,1.0492592487855952,4.0
motion_yaw,gru,gru_hidden_256_layers_1,/workspaces/nuscenes_trajectory_demo/outputs/results_motion_yaw/gru/gru_horizon_errors.csv,/workspaces/nuscenes_trajectory_demo/outputs/plots_motion_yaw,err_4p5s,1.2362377894215486,4.5
motion_yaw,gru,gru_hidden_256_layers_1,/workspaces/nuscenes_trajectory_demo/outputs/results_motion_yaw/gru/gru_horizon_errors.csv,/workspaces/nuscenes_trajectory_demo/outputs/plots_motion_yaw,err_5p0s,1.443543340165475,5.0
motion_yaw,gru,gru_hidden_256_layers_1,/workspaces/nuscenes_trajectory_demo/outputs/results_motion_yaw/gru/gru_horizon_errors.csv,/workspaces/nuscenes_trajectory_demo/outputs/plots_motion_yaw,err_5p5s,1.6724306876421906,5.5
motion_yaw,gru,gru_hidden_256_layers_1,/workspaces/nuscenes_trajectory_demo/outputs/results_motion_yaw/gru/gru_horizon_errors.csv,/workspaces/nuscenes_trajectory_demo/outputs/plots_motion_yaw,err_6p0s,1.923914263469421,6.0
motion_yaw,gru,gru_hidden_256_layers_2,/workspaces/nuscenes_trajectory_demo/outputs/results_motion_yaw/gru/gru_horizon_errors.csv,/workspaces/nuscenes_trajectory_demo/outputs/plots_motion_yaw,err_0p5s,0.1189858720423547,0.5
motion_yaw,gru,gru_hidden_256_layers_2,/workspaces/nuscenes_trajectory_demo/outputs/results_motion_yaw/gru/gru_horizon_errors.csv,/workspaces/nuscenes_trajectory_demo/outputs/plots_motion_yaw,err_1p0s,0.2201577074903815,1.0
motion_yaw,gru,gru_hidden_256_layers_2,/workspaces/nuscenes_trajectory_demo/outputs/results_motion_yaw/gru/gru_horizon_errors.csv,/workspaces/nuscenes_trajectory_demo/outputs/plots_motion_yaw,err_1p5s,0.3387334649332016,1.5
motion_yaw,gru,gru_hidden_256_layers_2,/workspaces/nuscenes_trajectory_demo/outputs/results_motion_yaw/gru/gru_horizon_errors.csv,/workspaces/nuscenes_trajectory_demo/outputs/plots_motion_yaw,err_2p0s,0.4640138269559512,2.0
motion_yaw,gru,gru_hidden_256_layers_2,/workspaces/nuscenes_trajectory_demo/outputs/results_motion_yaw/gru/gru_horizon_errors.csv,/workspaces/nuscenes_trajectory_demo/outputs/plots_motion_yaw,err_2p5s,0.6015666067012883,2.5
motion_yaw,gru,gru_hidden_256_layers_2,/workspaces/nuscenes_trajectory_demo/outputs/results_motion_yaw/gru/gru_horizon_errors.csv,/workspaces/nuscenes_trajectory_demo/outputs/plots_motion_yaw,err_3p0s,0.7515822438535079,3.0
motion_yaw,gru,gru_hidden_256_layers_2,/workspaces/nuscenes_trajectory_demo/outputs/results_motion_yaw/gru/gru_horizon_errors.csv,/workspaces/nuscenes_trajectory_demo/outputs/plots_motion_yaw,err_3p5s,0.9208571494203748,3.5
motion_yaw,gru,gru_hidden_256_layers_2,/workspaces/nuscenes_trajectory_demo/outputs/results_motion_yaw/gru/gru_horizon_errors.csv,/workspaces/nuscenes_trajectory_demo/outputs/plots_motion_yaw,err_4p0s,1.1016571620870803,4.0
motion_yaw,gru,gru_hidden_256_layers_2,/workspaces/nuscenes_trajectory_demo/outputs/results_motion_yaw/gru/gru_horizon_errors.csv,/workspaces/nuscenes_trajectory_demo/outputs/plots_motion_yaw,err_4p5s,1.307474469480274,4.5
motion_yaw,gru,gru_hidden_256_layers_2,/workspaces/nuscenes_trajectory_demo/outputs/results_motion_yaw/gru/gru_horizon_errors.csv,/workspaces/nuscenes_trajectory_demo/outputs/plots_motion_yaw,err_5p0s,1.5183909334882628,5.0
motion_yaw,gru,gru_hidden_256_layers_2,/workspaces/nuscenes_trajectory_demo/outputs/results_motion_yaw/gru/gru_horizon_errors.csv,/workspaces/nuscenes_trajectory_demo/outputs/plots_motion_yaw,err_5p5s,1.747506910548757,5.5
motion_yaw,gru,gru_hidden_256_layers_2,/workspaces/nuscenes_trajectory_demo/outputs/results_motion_yaw/gru/gru_horizon_errors.csv,/workspaces/nuscenes_trajectory_demo/outputs/plots_motion_yaw,err_6p0s,2.000715476926416,6.0
motion_yaw,gru,gru_hidden_256_layers_3,/workspaces/nuscenes_trajectory_demo/outputs/results_motion_yaw/gru/gru_horizon_errors.csv,/workspaces/nuscenes_trajectory_demo/outputs/plots_motion_yaw,err_0p5s,0.1293026564212182,0.5
motion_yaw,gru,gru_hidden_256_layers_3,/workspaces/nuscenes_trajectory_demo/outputs/results_motion_yaw/gru/gru_horizon_errors.csv,/workspaces/nuscenes_trajectory_demo/outputs/plots_motion_yaw,err_1p0s,0.237428232096797,1.0
motion_yaw,gru,gru_hidden_256_layers_3,/workspaces/nuscenes_trajectory_demo/outputs/results_motion_yaw/gru/gru_horizon_errors.csv,/workspaces/nuscenes_trajectory_demo/outputs/plots_motion_yaw,err_1p5s,0.3528079371184999,1.5
motion_yaw,gru,gru_hidden_256_layers_3,/workspaces/nuscenes_trajectory_demo/outputs/results_motion_yaw/gru/gru_horizon_errors.csv,/workspaces/nuscenes_trajectory_demo/outputs/plots_motion_yaw,err_2p0s,0.4872677815384866,2.0
motion_yaw,gru,gru_hidden_256_layers_3,/workspaces/nuscenes_trajectory_demo/outputs/results_motion_yaw/gru/gru_horizon_errors.csv,/workspaces/nuscenes_trajectory_demo/outputs/plots_motion_yaw,err_2p5s,0.6288841147536666,2.5
motion_yaw,gru,gru_hidden_256_layers_3,/workspaces/nuscenes_trajectory_demo/outputs/results_motion_yaw/gru/gru_horizon_errors.csv,/workspaces/nuscenes_trajectory_demo/outputs/plots_motion_yaw,err_3p0s,0.783645125432403,3.0
motion_yaw,gru,gru_hidden_256_layers_3,/workspaces/nuscenes_trajectory_demo/outputs/results_motion_yaw/gru/gru_horizon_errors.csv,/workspaces/nuscenes_trajectory_demo/outputs/plots_motion_yaw,err_3p5s,0.943457785637954,3.5
motion_yaw,gru,gru_hidden_256_layers_3,/workspaces/nuscenes_trajectory_demo/outputs/results_motion_yaw/gru/gru_horizon_errors.csv,/workspaces/nuscenes_trajectory_demo/outputs/plots_motion_yaw,err_4p0s,1.120109099197593,4.0
motion_yaw,gru,gru_hidden_256_layers_3,/workspaces/nuscenes_trajectory_demo/outputs/results_motion_yaw/gru/gru_horizon_errors.csv,/workspaces/nuscenes_trajectory_demo/outputs/plots_motion_yaw,err_4p5s,1.3220792949234073,4.5
motion_yaw,gru,gru_hidden_256_layers_3,/workspaces/nuscenes_trajectory_demo/outputs/results_motion_yaw/gru/gru_horizon_errors.csv,/workspaces/nuscenes_trajectory_demo/outputs/plots_motion_yaw,err_5p0s,1.531745318777129,5.0
motion_yaw,gru,gru_hidden_256_layers_3,/workspaces/nuscenes_trajectory_demo/outputs/results_motion_yaw/gru/gru_horizon_errors.csv,/workspaces/nuscenes_trajectory_demo/outputs/plots_motion_yaw,err_5p5s,1.766895488790231,5.5
motion_yaw,gru,gru_hidden_256_layers_3,/workspaces/nuscenes_trajectory_demo/outputs/results_motion_yaw/gru/gru_horizon_errors.csv,/workspaces/nuscenes_trajectory_demo/outputs/plots_motion_yaw,err_6p0s,2.016513174434129,6.0
motion_yaw,gru,gru_hidden_64_layers_1,/workspaces/nuscenes_trajectory_demo/outputs/results_motion_yaw/gru/gru_horizon_errors.csv,/workspaces/nuscenes_trajectory_demo/outputs/plots_motion_yaw,err_0p5s,0.1084118371358768,0.5
motion_yaw,gru,gru_hidden_64_layers_1,/workspaces/nuscenes_trajectory_demo/outputs/results_motion_yaw/gru/gru_horizon_errors.csv,/workspaces/nuscenes_trajectory_demo/outputs/plots_motion_yaw,err_1p0s,0.2153313769882846,1.0
motion_yaw,gru,gru_hidden_64_layers_1,/workspaces/nuscenes_trajectory_demo/outputs/results_motion_yaw/gru/gru_horizon_errors.csv,/workspaces/nuscenes_trajectory_demo/outputs/plots_motion_yaw,err_1p5s,0.3333029208406928,1.5
motion_yaw,gru,gru_hidden_64_layers_1,/workspaces/nuscenes_trajectory_demo/outputs/results_motion_yaw/gru/gru_horizon_errors.csv,/workspaces/nuscenes_trajectory_demo/outputs/plots_motion_yaw,err_2p0s,0.4677378449854256,2.0
motion_yaw,gru,gru_hidden_64_layers_1,/workspaces/nuscenes_trajectory_demo/outputs/results_motion_yaw/gru/gru_horizon_errors.csv,/workspaces/nuscenes_trajectory_demo/outputs/plots_motion_yaw,err_2p5s,0.604849216904933,2.5
motion_yaw,gru,gru_hidden_64_layers_1,/workspaces/nuscenes_trajectory_demo/outputs/results_motion_yaw/gru/gru_horizon_errors.csv,/workspaces/nuscenes_trajectory_demo/outputs/plots_motion_yaw,err_3p0s,0.7692952392282512,3.0
motion_yaw,gru,gru_hidden_64_layers_1,/workspaces/nuscenes_trajectory_demo/outputs/results_motion_yaw/gru/gru_horizon_errors.csv,/workspaces/nuscenes_trajectory_demo/outputs/plots_motion_yaw,err_3p5s,0.951342218367658,3.5
motion_yaw,gru,gru_hidden_64_layers_1,/workspaces/nuscenes_trajectory_demo/outputs/results_motion_yaw/gru/gru_horizon_errors.csv,/workspaces/nuscenes_trajectory_demo/outputs/plots_motion_yaw,err_4p0s,1.1480939578935,4.0
motion_yaw,gru,gru_hidden_64_layers_1,/workspaces/nuscenes_trajectory_demo/outputs/results_motion_yaw/gru/gru_horizon_errors.csv,/workspaces/nuscenes_trajectory_demo/outputs/plots_motion_yaw,err_4p5s,1.3672648362004445,4.5
motion_yaw,gru,gru_hidden_64_layers_1,/workspaces/nuscenes_trajectory_demo/outputs/results_motion_yaw/gru/gru_horizon_errors.csv,/workspaces/nuscenes_trajectory_demo/outputs/plots_motion_yaw,err_5p0s,1.60119571118478,5.0
motion_yaw,gru,gru_hidden_64_layers_1,/workspaces/nuscenes_trajectory_demo/outputs/results_motion_yaw/gru/gru_horizon_errors.csv,/workspaces/nuscenes_trajectory_demo/outputs/plots_motion_yaw,err_5p5s,1.8620091841691069,5.5
motion_yaw,gru,gru_hidden_64_layers_1,/workspaces/nuscenes_trajectory_demo/outputs/results_motion_yaw/gru/gru_horizon_errors.csv,/workspaces/nuscenes_trajectory_demo/outputs/plots_motion_yaw,err_6p0s,2.1394111632649917,6.0
motion_yaw,linear_regression,linear_regression,/workspaces/nuscenes_trajectory_demo/outputs/results_motion_yaw/linear_regression/linear_regression_horizon_errors.csv,/workspaces/nuscenes_trajectory_demo/outputs/plots_motion_yaw,err_0p5s,0.0864957969742218,0.5
motion_yaw,linear_regression,linear_regression,/workspaces/nuscenes_trajectory_demo/outputs/results_motion_yaw/linear_regression/linear_regression_horizon_errors.csv,/workspaces/nuscenes_trajectory_demo/outputs/plots_motion_yaw,err_1p0s,0.1978176871074207,1.0
motion_yaw,linear_regression,linear_regression,/workspaces/nuscenes_trajectory_demo/outputs/results_motion_yaw/linear_regression/linear_regression_horizon_errors.csv,/workspaces/nuscenes_trajectory_demo/outputs/plots_motion_yaw,err_1p5s,0.3377460088714459,1.5
motion_yaw,linear_regression,linear_regression,/workspaces/nuscenes_trajectory_demo/outputs/results_motion_yaw/linear_regression/linear_regression_horizon_errors.csv,/workspaces/nuscenes_trajectory_demo/outputs/plots_motion_yaw,err_2p0s,0.4959986476050372,2.0
motion_yaw,linear_regression,linear_regression,/workspaces/nuscenes_trajectory_demo/outputs/results_motion_yaw/linear_regression/linear_regression_horizon_errors.csv,/workspaces/nuscenes_trajectory_demo/outputs/plots_motion_yaw,err_2p5s,0.6823496397132245,2.5
motion_yaw,linear_regression,linear_regression,/workspaces/nuscenes_trajectory_demo/outputs/results_motion_yaw/linear_regression/linear_regression_horizon_errors.csv,/workspaces/nuscenes_trajectory_demo/outputs/plots_motion_yaw,err_3p0s,0.8917836084901037,3.0
motion_yaw,linear_regression,linear_regression,/workspaces/nuscenes_trajectory_demo/outputs/results_motion_yaw/linear_regression/linear_regression_horizon_errors.csv,/workspaces/nuscenes_trajectory_demo/outputs/plots_motion_yaw,err_3p5s,1.123012233546681,3.5
motion_yaw,linear_regression,linear_regression,/workspaces/nuscenes_trajectory_demo/outputs/results_motion_yaw/linear_regression/linear_regression_horizon_errors.csv,/workspaces/nuscenes_trajectory_demo/outputs/plots_motion_yaw,err_4p0s,1.3762279004652307,4.0
motion_yaw,linear_regression,linear_regression,/workspaces/nuscenes_trajectory_demo/outputs/results_motion_yaw/linear_regression/linear_regression_horizon_errors.csv,/workspaces/nuscenes_trajectory_demo/outputs/plots_motion_yaw,err_4p5s,1.660602783155892,4.5
motion_yaw,linear_regression,linear_regression,/workspaces/nuscenes_trajectory_demo/outputs/results_motion_yaw/linear_regression/linear_regression_horizon_errors.csv,/workspaces/nuscenes_trajectory_demo/outputs/plots_motion_yaw,err_5p0s,1.9600851192788635,5.0
motion_yaw,linear_regression,linear_regression,/workspaces/nuscenes_trajectory_demo/outputs/results_motion_yaw/linear_regression/linear_regression_horizon_errors.csv,/workspaces/nuscenes_trajectory_demo/outputs/plots_motion_yaw,err_5p5s,2.273519187734399,5.5
motion_yaw,linear_regression,linear_regression,/workspaces/nuscenes_trajectory_demo/outputs/results_motion_yaw/linear_regression/linear_regression_horizon_errors.csv,/workspaces/nuscenes_trajectory_demo/outputs/plots_motion_yaw,err_6p0s,2.6140753069088203,6.0
motion_yaw,linear_regression,ridge_regression,/workspaces/nuscenes_trajectory_demo/outputs/results_motion_yaw/linear_regression/linear_regression_horizon_errors.csv,/workspaces/nuscenes_trajectory_demo/outputs/plots_motion_yaw,err_0p5s,0.0863820584908849,0.5
motion_yaw,linear_regression,ridge_regression,/workspaces/nuscenes_trajectory_demo/outputs/results_motion_yaw/linear_regression/linear_regression_horizon_errors.csv,/workspaces/nuscenes_trajectory_demo/outputs/plots_motion_yaw,err_1p0s,0.1988760991829291,1.0
motion_yaw,linear_regression,ridge_regression,/workspaces/nuscenes_trajectory_demo/outputs/results_motion_yaw/linear_regression/linear_regression_horizon_errors.csv,/workspaces/nuscenes_trajectory_demo/outputs/plots_motion_yaw,err_1p5s,0.3391677516238732,1.5
motion_yaw,linear_regression,ridge_regression,/workspaces/nuscenes_trajectory_demo/outputs/results_motion_yaw/linear_regression/linear_regression_horizon_errors.csv,/workspaces/nuscenes_trajectory_demo/outputs/plots_motion_yaw,err_2p0s,0.4993969582435305,2.0
motion_yaw,linear_regression,ridge_regression,/workspaces/nuscenes_trajectory_demo/outputs/results_motion_yaw/linear_regression/linear_regression_horizon_errors.csv,/workspaces/nuscenes_trajectory_demo/outputs/plots_motion_yaw,err_2p5s,0.6879370753459543,2.5
motion_yaw,linear_regression,ridge_regression,/workspaces/nuscenes_trajectory_demo/outputs/results_motion_yaw/linear_regression/linear_regression_horizon_errors.csv,/workspaces/nuscenes_trajectory_demo/outputs/plots_motion_yaw,err_3p0s,0.8984045122765978,3.0
motion_yaw,linear_regression,ridge_regression,/workspaces/nuscenes_trajectory_demo/outputs/results_motion_yaw/linear_regression/linear_regression_horizon_errors.csv,/workspaces/nuscenes_trajectory_demo/outputs/plots_motion_yaw,err_3p5s,1.1315014104290062,3.5
motion_yaw,linear_regression,ridge_regression,/workspaces/nuscenes_trajectory_demo/outputs/results_motion_yaw/linear_regression/linear_regression_horizon_errors.csv,/workspaces/nuscenes_trajectory_demo/outputs/plots_motion_yaw,err_4p0s,1.386628345525506,4.0
motion_yaw,linear_regression,ridge_regression,/workspaces/nuscenes_trajectory_demo/outputs/results_motion_yaw/linear_regression/linear_regression_horizon_errors.csv,/workspaces/nuscenes_trajectory_demo/outputs/plots_motion_yaw,err_4p5s,1.6740952915120446,4.5
motion_yaw,linear_regression,ridge_regression,/workspaces/nuscenes_trajectory_demo/outputs/results_motion_yaw/linear_regression/linear_regression_horizon_errors.csv,/workspaces/nuscenes_trajectory_demo/outputs/plots_motion_yaw,err_5p0s,1.977210057651973,5.0
motion_yaw,linear_regression,ridge_regression,/workspaces/nuscenes_trajectory_demo/outputs/results_motion_yaw/linear_regression/linear_regression_horizon_errors.csv,/workspaces/nuscenes_trajectory_demo/outputs/plots_motion_yaw,err_5p5s,2.293566473705472,5.5
motion_yaw,linear_regression,ridge_regression,/workspaces/nuscenes_trajectory_demo/outputs/results_motion_yaw/linear_regression/linear_regression_horizon_errors.csv,/workspaces/nuscenes_trajectory_demo/outputs/plots_motion_yaw,err_6p0s,2.637188413820695,6.0
motion_yaw,lstm,lstm_hidden_128_layers_1,/workspaces/nuscenes_trajectory_demo/outputs/results_motion_yaw/lstm/lstm_horizon_errors.csv,/workspaces/nuscenes_trajectory_demo/outputs/plots_motion_yaw,err_0p5s,0.1082143079579096,0.5
motion_yaw,lstm,lstm_hidden_128_layers_1,/workspaces/nuscenes_trajectory_demo/outputs/results_motion_yaw/lstm/lstm_horizon_errors.csv,/workspaces/nuscenes_trajectory_demo/outputs/plots_motion_yaw,err_1p0s,0.2113496503780797,1.0
motion_yaw,lstm,lstm_hidden_128_layers_1,/workspaces/nuscenes_trajectory_demo/outputs/results_motion_yaw/lstm/lstm_horizon_errors.csv,/workspaces/nuscenes_trajectory_demo/outputs/plots_motion_yaw,err_1p5s,0.3263613661843423,1.5
motion_yaw,lstm,lstm_hidden_128_layers_1,/workspaces/nuscenes_trajectory_demo/outputs/results_motion_yaw/lstm/lstm_horizon_errors.csv,/workspaces/nuscenes_trajectory_demo/outputs/plots_motion_yaw,err_2p0s,0.4462704295775355,2.0
motion_yaw,lstm,lstm_hidden_128_layers_1,/workspaces/nuscenes_trajectory_demo/outputs/results_motion_yaw/lstm/lstm_horizon_errors.csv,/workspaces/nuscenes_trajectory_demo/outputs/plots_motion_yaw,err_2p5s,0.5772178427039101,2.5
motion_yaw,lstm,lstm_hidden_128_layers_1,/workspaces/nuscenes_trajectory_demo/outputs/results_motion_yaw/lstm/lstm_horizon_errors.csv,/workspaces/nuscenes_trajectory_demo/outputs/plots_motion_yaw,err_3p0s,0.7304703486383501,3.0
motion_yaw,lstm,lstm_hidden_128_layers_1,/workspaces/nuscenes_trajectory_demo/outputs/results_motion_yaw/lstm/lstm_horizon_errors.csv,/workspaces/nuscenes_trajectory_demo/outputs/plots_motion_yaw,err_3p5s,0.885209037530744,3.5
motion_yaw,lstm,lstm_hidden_128_layers_1,/workspaces/nuscenes_trajectory_demo/outputs/results_motion_yaw/lstm/lstm_horizon_errors.csv,/workspaces/nuscenes_trajectory_demo/outputs/plots_motion_yaw,err_4p0s,1.052065447476211,4.0
motion_yaw,lstm,lstm_hidden_128_layers_1,/workspaces/nuscenes_trajectory_demo/outputs/results_motion_yaw/lstm/lstm_horizon_errors.csv,/workspaces/nuscenes_trajectory_demo/outputs/plots_motion_yaw,err_4p5s,1.24104165806652,4.5
motion_yaw,lstm,lstm_hidden_128_layers_1,/workspaces/nuscenes_trajectory_demo/outputs/results_motion_yaw/lstm/lstm_horizon_errors.csv,/workspaces/nuscenes_trajectory_demo/outputs/plots_motion_yaw,err_5p0s,1.4523218138545582,5.0
motion_yaw,lstm,lstm_hidden_128_layers_1,/workspaces/nuscenes_trajectory_demo/outputs/results_motion_yaw/lstm/lstm_horizon_errors.csv,/workspaces/nuscenes_trajectory_demo/outputs/plots_motion_yaw,err_5p5s,1.6881588436094304,5.5
motion_yaw,lstm,lstm_hidden_128_layers_1,/workspaces/nuscenes_trajectory_demo/outputs/results_motion_yaw/lstm/lstm_horizon_errors.csv,/workspaces/nuscenes_trajectory_demo/outputs/plots_motion_yaw,err_6p0s,1.943116677615432,6.0
motion_yaw,lstm,lstm_hidden_128_layers_2,/workspaces/nuscenes_trajectory_demo/outputs/results_motion_yaw/lstm/lstm_horizon_errors.csv,/workspaces/nuscenes_trajectory_demo/outputs/plots_motion_yaw,err_0p5s,0.1092792106655906,0.5
motion_yaw,lstm,lstm_hidden_128_layers_2,/workspaces/nuscenes_trajectory_demo/outputs/results_motion_yaw/lstm/lstm_horizon_errors.csv,/workspaces/nuscenes_trajectory_demo/outputs/plots_motion_yaw,err_1p0s,0.2101001028487107,1.0
motion_yaw,lstm,lstm_hidden_128_layers_2,/workspaces/nuscenes_trajectory_demo/outputs/results_motion_yaw/lstm/lstm_horizon_errors.csv,/workspaces/nuscenes_trajectory_demo/outputs/plots_motion_yaw,err_1p5s,0.3220319890900679,1.5
motion_yaw,lstm,lstm_hidden_128_layers_2,/workspaces/nuscenes_trajectory_demo/outputs/results_motion_yaw/lstm/lstm_horizon_errors.csv,/workspaces/nuscenes_trajectory_demo/outputs/plots_motion_yaw,err_2p0s,0.4454027028749062,2.0
motion_yaw,lstm,lstm_hidden_128_layers_2,/workspaces/nuscenes_trajectory_demo/outputs/results_motion_yaw/lstm/lstm_horizon_errors.csv,/workspaces/nuscenes_trajectory_demo/outputs/plots_motion_yaw,err_2p5s,0.5673886536935077,2.5
motion_yaw,lstm,lstm_hidden_128_layers_2,/workspaces/nuscenes_trajectory_demo/outputs/results_motion_yaw/lstm/lstm_horizon_errors.csv,/workspaces/nuscenes_trajectory_demo/outputs/plots_motion_yaw,err_3p0s,0.7063606498803975,3.0
motion_yaw,lstm,lstm_hidden_128_layers_2,/workspaces/nuscenes_trajectory_demo/outputs/results_motion_yaw/lstm/lstm_horizon_errors.csv,/workspaces/nuscenes_trajectory_demo/outputs/plots_motion_yaw,err_3p5s,0.855350360383785,3.5
motion_yaw,lstm,lstm_hidden_128_layers_2,/workspaces/nuscenes_trajectory_demo/outputs/results_motion_yaw/lstm/lstm_horizon_errors.csv,/workspaces/nuscenes_trajectory_demo/outputs/plots_motion_yaw,err_4p0s,1.017210585170026,4.0
motion_yaw,lstm,lstm_hidden_128_layers_2,/workspaces/nuscenes_trajectory_demo/outputs/results_motion_yaw/lstm/lstm_horizon_errors.csv,/workspaces/nuscenes_trajectory_demo/outputs/plots_motion_yaw,err_4p5s,1.1991380147585666,4.5
motion_yaw,lstm,lstm_hidden_128_layers_2,/workspaces/nuscenes_trajectory_demo/outputs/results_motion_yaw/lstm/lstm_horizon_errors.csv,/workspaces/nuscenes_trajectory_demo/outputs/plots_motion_yaw,err_5p0s,1.3916609696885147,5.0
motion_yaw,lstm,lstm_hidden_128_layers_2,/workspaces/nuscenes_trajectory_demo/outputs/results_motion_yaw/lstm/lstm_horizon_errors.csv,/workspaces/nuscenes_trajectory_demo/outputs/plots_motion_yaw,err_5p5s,1.615129581689292,5.5
motion_yaw,lstm,lstm_hidden_128_layers_2,/workspaces/nuscenes_trajectory_demo/outputs/results_motion_yaw/lstm/lstm_horizon_errors.csv,/workspaces/nuscenes_trajectory_demo/outputs/plots_motion_yaw,err_6p0s,1.861397318890588,6.0
motion_yaw,lstm,lstm_hidden_128_layers_3,/workspaces/nuscenes_trajectory_demo/outputs/results_motion_yaw/lstm/lstm_horizon_errors.csv,/workspaces/nuscenes_trajectory_demo/outputs/plots_motion_yaw,err_0p5s,0.1148105819631217,0.5
motion_yaw,lstm,lstm_hidden_128_layers_3,/workspaces/nuscenes_trajectory_demo/outputs/results_motion_yaw/lstm/lstm_horizon_errors.csv,/workspaces/nuscenes_trajectory_demo/outputs/plots_motion_yaw,err_1p0s,0.2167928303211242,1.0
motion_yaw,lstm,lstm_hidden_128_layers_3,/workspaces/nuscenes_trajectory_demo/outputs/results_motion_yaw/lstm/lstm_horizon_errors.csv,/workspaces/nuscenes_trajectory_demo/outputs/plots_motion_yaw,err_1p5s,0.3258860336483684,1.5
motion_yaw,lstm,lstm_hidden_128_layers_3,/workspaces/nuscenes_trajectory_demo/outputs/results_motion_yaw/lstm/lstm_horizon_errors.csv,/workspaces/nuscenes_trajectory_demo/outputs/plots_motion_yaw,err_2p0s,0.449054713866975,2.0
motion_yaw,lstm,lstm_hidden_128_layers_3,/workspaces/nuscenes_trajectory_demo/outputs/results_motion_yaw/lstm/lstm_horizon_errors.csv,/workspaces/nuscenes_trajectory_demo/outputs/plots_motion_yaw,err_2p5s,0.5722149658117401,2.5
motion_yaw,lstm,lstm_hidden_128_layers_3,/workspaces/nuscenes_trajectory_demo/outputs/results_motion_yaw/lstm/lstm_horizon_errors.csv,/workspaces/nuscenes_trajectory_demo/outputs/plots_motion_yaw,err_3p0s,0.7162618827771273,3.0
motion_yaw,lstm,lstm_hidden_128_layers_3,/workspaces/nuscenes_trajectory_demo/outputs/results_motion_yaw/lstm/lstm_horizon_errors.csv,/workspaces/nuscenes_trajectory_demo/outputs/plots_motion_yaw,err_3p5s,0.8627974544001105,3.5
motion_yaw,lstm,lstm_hidden_128_layers_3,/workspaces/nuscenes_trajectory_demo/outputs/results_motion_yaw/lstm/lstm_horizon_errors.csv,/workspaces/nuscenes_trajectory_demo/outputs/plots_motion_yaw,err_4p0s,1.0220439189645485,4.0
motion_yaw,lstm,lstm_hidden_128_layers_3,/workspaces/nuscenes_trajectory_demo/outputs/results_motion_yaw/lstm/lstm_horizon_errors.csv,/workspaces/nuscenes_trajectory_demo/outputs/plots_motion_yaw,err_4p5s,1.207566592157739,4.5
motion_yaw,lstm,lstm_hidden_128_layers_3,/workspaces/nuscenes_trajectory_demo/outputs/results_motion_yaw/lstm/lstm_horizon_errors.csv,/workspaces/nuscenes_trajectory_demo/outputs/plots_motion_yaw,err_5p0s,1.4027522951629097,5.0
motion_yaw,lstm,lstm_hidden_128_layers_3,/workspaces/nuscenes_trajectory_demo/outputs/results_motion_yaw/lstm/lstm_horizon_errors.csv,/workspaces/nuscenes_trajectory_demo/outputs/plots_motion_yaw,err_5p5s,1.6224654050668257,5.5
motion_yaw,lstm,lstm_hidden_128_layers_3,/workspaces/nuscenes_trajectory_demo/outputs/results_motion_yaw/lstm/lstm_horizon_errors.csv,/workspaces/nuscenes_trajectory_demo/outputs/plots_motion_yaw,err_6p0s,1.8652316953613823,6.0
motion_yaw,lstm,lstm_hidden_256_layers_1,/workspaces/nuscenes_trajectory_demo/outputs/results_motion_yaw/lstm/lstm_horizon_errors.csv,/workspaces/nuscenes_trajectory_demo/outputs/plots_motion_yaw,err_0p5s,0.1130880231711754,0.5
motion_yaw,lstm,lstm_hidden_256_layers_1,/workspaces/nuscenes_trajectory_demo/outputs/results_motion_yaw/lstm/lstm_horizon_errors.csv,/workspaces/nuscenes_trajectory_demo/outputs/plots_motion_yaw,err_1p0s,0.2167277399312297,1.0
motion_yaw,lstm,lstm_hidden_256_layers_1,/workspaces/nuscenes_trajectory_demo/outputs/results_motion_yaw/lstm/lstm_horizon_errors.csv,/workspaces/nuscenes_trajectory_demo/outputs/plots_motion_yaw,err_1p5s,0.3255674439546551,1.5
motion_yaw,lstm,lstm_hidden_256_layers_1,/workspaces/nuscenes_trajectory_demo/outputs/results_motion_yaw/lstm/lstm_horizon_errors.csv,/workspaces/nuscenes_trajectory_demo/outputs/plots_motion_yaw,err_2p0s,0.4573227785827343,2.0
motion_yaw,lstm,lstm_hidden_256_layers_1,/workspaces/nuscenes_trajectory_demo/outputs/results_motion_yaw/lstm/lstm_horizon_errors.csv,/workspaces/nuscenes_trajectory_demo/outputs/plots_motion_yaw,err_2p5s,0.601303211733466,2.5
motion_yaw,lstm,lstm_hidden_256_layers_1,/workspaces/nuscenes_trajectory_demo/outputs/results_motion_yaw/lstm/lstm_horizon_errors.csv,/workspaces/nuscenes_trajectory_demo/outputs/plots_motion_yaw,err_3p0s,0.7565093011256646,3.0
motion_yaw,lstm,lstm_hidden_256_layers_1,/workspaces/nuscenes_trajectory_demo/outputs/results_motion_yaw/lstm/lstm_horizon_errors.csv,/workspaces/nuscenes_trajectory_demo/outputs/plots_motion_yaw,err_3p5s,0.9211643304337156,3.5
motion_yaw,lstm,lstm_hidden_256_layers_1,/workspaces/nuscenes_trajectory_demo/outputs/results_motion_yaw/lstm/lstm_horizon_errors.csv,/workspaces/nuscenes_trajectory_demo/outputs/plots_motion_yaw,err_4p0s,1.097152070182016,4.0
motion_yaw,lstm,lstm_hidden_256_layers_1,/workspaces/nuscenes_trajectory_demo/outputs/results_motion_yaw/lstm/lstm_horizon_errors.csv,/workspaces/nuscenes_trajectory_demo/outputs/plots_motion_yaw,err_4p5s,1.294778116174381,4.5
motion_yaw,lstm,lstm_hidden_256_layers_1,/workspaces/nuscenes_trajectory_demo/outputs/results_motion_yaw/lstm/lstm_horizon_errors.csv,/workspaces/nuscenes_trajectory_demo/outputs/plots_motion_yaw,err_5p0s,1.5126509098137666,5.0
motion_yaw,lstm,lstm_hidden_256_layers_1,/workspaces/nuscenes_trajectory_demo/outputs/results_motion_yaw/lstm/lstm_horizon_errors.csv,/workspaces/nuscenes_trajectory_demo/outputs/plots_motion_yaw,err_5p5s,1.745717467123706,5.5
motion_yaw,lstm,lstm_hidden_256_layers_1,/workspaces/nuscenes_trajectory_demo/outputs/results_motion_yaw/lstm/lstm_horizon_errors.csv,/workspaces/nuscenes_trajectory_demo/outputs/plots_motion_yaw,err_6p0s,1.9920801096463532,6.0
motion_yaw,lstm,lstm_hidden_256_layers_2,/workspaces/nuscenes_trajectory_demo/outputs/results_motion_yaw/lstm/lstm_horizon_errors.csv,/workspaces/nuscenes_trajectory_demo/outputs/plots_motion_yaw,err_0p5s,0.1071331931115806,0.5
motion_yaw,lstm,lstm_hidden_256_layers_2,/workspaces/nuscenes_trajectory_demo/outputs/results_motion_yaw/lstm/lstm_horizon_errors.csv,/workspaces/nuscenes_trajectory_demo/outputs/plots_motion_yaw,err_1p0s,0.2097511812429399,1.0
motion_yaw,lstm,lstm_hidden_256_layers_2,/workspaces/nuscenes_trajectory_demo/outputs/results_motion_yaw/lstm/lstm_horizon_errors.csv,/workspaces/nuscenes_trajectory_demo/outputs/plots_motion_yaw,err_1p5s,0.3261821533180244,1.5
motion_yaw,lstm,lstm_hidden_256_layers_2,/workspaces/nuscenes_trajectory_demo/outputs/results_motion_yaw/lstm/lstm_horizon_errors.csv,/workspaces/nuscenes_trajectory_demo/outputs/plots_motion_yaw,err_2p0s,0.4547366413125102,2.0
motion_yaw,lstm,lstm_hidden_256_layers_2,/workspaces/nuscenes_trajectory_demo/outputs/results_motion_yaw/lstm/lstm_horizon_errors.csv,/workspaces/nuscenes_trajectory_demo/outputs/plots_motion_yaw,err_2p5s,0.592262481383593,2.5
motion_yaw,lstm,lstm_hidden_256_layers_2,/workspaces/nuscenes_trajectory_demo/outputs/results_motion_yaw/lstm/lstm_horizon_errors.csv,/workspaces/nuscenes_trajectory_demo/outputs/plots_motion_yaw,err_3p0s,0.7535658453608366,3.0
motion_yaw,lstm,lstm_hidden_256_layers_2,/workspaces/nuscenes_trajectory_demo/outputs/results_motion_yaw/lstm/lstm_horizon_errors.csv,/workspaces/nuscenes_trajectory_demo/outputs/plots_motion_yaw,err_3p5s,0.9176903329432456,3.5
motion_yaw,lstm,lstm_hidden_256_layers_2,/workspaces/nuscenes_trajectory_demo/outputs/results_motion_yaw/lstm/lstm_horizon_errors.csv,/workspaces/nuscenes_trajectory_demo/outputs/plots_motion_yaw,err_4p0s,1.0988761919910426,4.0
motion_yaw,lstm,lstm_hidden_256_layers_2,/workspaces/nuscenes_trajectory_demo/outputs/results_motion_yaw/lstm/lstm_horizon_errors.csv,/workspaces/nuscenes_trajectory_demo/outputs/plots_motion_yaw,err_4p5s,1.2973404792970873,4.5
motion_yaw,lstm,lstm_hidden_256_layers_2,/workspaces/nuscenes_trajectory_demo/outputs/results_motion_yaw/lstm/lstm_horizon_errors.csv,/workspaces/nuscenes_trajectory_demo/outputs/plots_motion_yaw,err_5p0s,1.5202450196480972,5.0
motion_yaw,lstm,lstm_hidden_256_layers_2,/workspaces/nuscenes_trajectory_demo/outputs/results_motion_yaw/lstm/lstm_horizon_errors.csv,/workspaces/nuscenes_trajectory_demo/outputs/plots_motion_yaw,err_5p5s,1.7513050254135372,5.5
motion_yaw,lstm,lstm_hidden_256_layers_2,/workspaces/nuscenes_trajectory_demo/outputs/results_motion_yaw/lstm/lstm_horizon_errors.csv,/workspaces/nuscenes_trajectory_demo/outputs/plots_motion_yaw,err_6p0s,2.011150013539009,6.0
motion_yaw,lstm,lstm_hidden_256_layers_3,/workspaces/nuscenes_trajectory_demo/outputs/results_motion_yaw/lstm/lstm_horizon_errors.csv,/workspaces/nuscenes_trajectory_demo/outputs/plots_motion_yaw,err_0p5s,0.114981824393908,0.5
motion_yaw,lstm,lstm_hidden_256_layers_3,/workspaces/nuscenes_trajectory_demo/outputs/results_motion_yaw/lstm/lstm_horizon_errors.csv,/workspaces/nuscenes_trajectory_demo/outputs/plots_motion_yaw,err_1p0s,0.2120646553779476,1.0
motion_yaw,lstm,lstm_hidden_256_layers_3,/workspaces/nuscenes_trajectory_demo/outputs/results_motion_yaw/lstm/lstm_horizon_errors.csv,/workspaces/nuscenes_trajectory_demo/outputs/plots_motion_yaw,err_1p5s,0.3289381286092314,1.5
motion_yaw,lstm,lstm_hidden_256_layers_3,/workspaces/nuscenes_trajectory_demo/outputs/results_motion_yaw/lstm/lstm_horizon_errors.csv,/workspaces/nuscenes_trajectory_demo/outputs/plots_motion_yaw,err_2p0s,0.4602947463873451,2.0
motion_yaw,lstm,lstm_hidden_256_layers_3,/workspaces/nuscenes_trajectory_demo/outputs/results_motion_yaw/lstm/lstm_horizon_errors.csv,/workspaces/nuscenes_trajectory_demo/outputs/plots_motion_yaw,err_2p5s,0.5914394581724826,2.5
motion_yaw,lstm,lstm_hidden_256_layers_3,/workspaces/nuscenes_trajectory_demo/outputs/results_motion_yaw/lstm/lstm_horizon_errors.csv,/workspaces/nuscenes_trajectory_demo/outputs/plots_motion_yaw,err_3p0s,0.7522527392912625,3.0
motion_yaw,lstm,lstm_hidden_256_layers_3,/workspaces/nuscenes_trajectory_demo/outputs/results_motion_yaw/lstm/lstm_horizon_errors.csv,/workspaces/nuscenes_trajectory_demo/outputs/plots_motion_yaw,err_3p5s,0.9207798249911072,3.5
motion_yaw,lstm,lstm_hidden_256_layers_3,/workspaces/nuscenes_trajectory_demo/outputs/results_motion_yaw/lstm/lstm_horizon_errors.csv,/workspaces/nuscenes_trajectory_demo/outputs/plots_motion_yaw,err_4p0s,1.1027339310676323,4.0
motion_yaw,lstm,lstm_hidden_256_layers_3,/workspaces/nuscenes_trajectory_demo/outputs/results_motion_yaw/lstm/lstm_horizon_errors.csv,/workspaces/nuscenes_trajectory_demo/outputs/plots_motion_yaw,err_4p5s,1.3057468064355569,4.5
motion_yaw,lstm,lstm_hidden_256_layers_3,/workspaces/nuscenes_trajectory_demo/outputs/results_motion_yaw/lstm/lstm_horizon_errors.csv,/workspaces/nuscenes_trajectory_demo/outputs/plots_motion_yaw,err_5p0s,1.5204124559492234,5.0
motion_yaw,lstm,lstm_hidden_256_layers_3,/workspaces/nuscenes_trajectory_demo/outputs/results_motion_yaw/lstm/lstm_horizon_errors.csv,/workspaces/nuscenes_trajectory_demo/outputs/plots_motion_yaw,err_5p5s,1.7535054913744468,5.5
motion_yaw,lstm,lstm_hidden_256_layers_3,/workspaces/nuscenes_trajectory_demo/outputs/results_motion_yaw/lstm/lstm_horizon_errors.csv,/workspaces/nuscenes_trajectory_demo/outputs/plots_motion_yaw,err_6p0s,2.010697702468447,6.0
motion_yaw,lstm,lstm_hidden_64_layers_1,/workspaces/nuscenes_trajectory_demo/outputs/results_motion_yaw/lstm/lstm_horizon_errors.csv,/workspaces/nuscenes_trajectory_demo/outputs/plots_motion_yaw,err_0p5s,0.1192977433531103,0.5
motion_yaw,lstm,lstm_hidden_64_layers_1,/workspaces/nuscenes_trajectory_demo/outputs/results_motion_yaw/lstm/lstm_horizon_errors.csv,/workspaces/nuscenes_trajectory_demo/outputs/plots_motion_yaw,err_1p0s,0.2288495435336286,1.0
motion_yaw,lstm,lstm_hidden_64_layers_1,/workspaces/nuscenes_trajectory_demo/outputs/results_motion_yaw/lstm/lstm_horizon_errors.csv,/workspaces/nuscenes_trajectory_demo/outputs/plots_motion_yaw,err_1p5s,0.3452122988730314,1.5
motion_yaw,lstm,lstm_hidden_64_layers_1,/workspaces/nuscenes_trajectory_demo/outputs/results_motion_yaw/lstm/lstm_horizon_errors.csv,/workspaces/nuscenes_trajectory_demo/outputs/plots_motion_yaw,err_2p0s,0.4697539370767613,2.0
motion_yaw,lstm,lstm_hidden_64_layers_1,/workspaces/nuscenes_trajectory_demo/outputs/results_motion_yaw/lstm/lstm_horizon_errors.csv,/workspaces/nuscenes_trajectory_demo/outputs/plots_motion_yaw,err_2p5s,0.6118364822015626,2.5
motion_yaw,lstm,lstm_hidden_64_layers_1,/workspaces/nuscenes_trajectory_demo/outputs/results_motion_yaw/lstm/lstm_horizon_errors.csv,/workspaces/nuscenes_trajectory_demo/outputs/plots_motion_yaw,err_3p0s,0.7712358534666816,3.0
motion_yaw,lstm,lstm_hidden_64_layers_1,/workspaces/nuscenes_trajectory_demo/outputs/results_motion_yaw/lstm/lstm_horizon_errors.csv,/workspaces/nuscenes_trajectory_demo/outputs/plots_motion_yaw,err_3p5s,0.9351380200622028,3.5
motion_yaw,lstm,lstm_hidden_64_layers_1,/workspaces/nuscenes_trajectory_demo/outputs/results_motion_yaw/lstm/lstm_horizon_errors.csv,/workspaces/nuscenes_trajectory_demo/outputs/plots_motion_yaw,err_4p0s,1.1239767336287927,4.0
motion_yaw,lstm,lstm_hidden_64_layers_1,/workspaces/nuscenes_trajectory_demo/outputs/results_motion_yaw/lstm/lstm_horizon_errors.csv,/workspaces/nuscenes_trajectory_demo/outputs/plots_motion_yaw,err_4p5s,1.3282160669148817,4.5
motion_yaw,lstm,lstm_hidden_64_layers_1,/workspaces/nuscenes_trajectory_demo/outputs/results_motion_yaw/lstm/lstm_horizon_errors.csv,/workspaces/nuscenes_trajectory_demo/outputs/plots_motion_yaw,err_5p0s,1.547933435502769,5.0
motion_yaw,lstm,lstm_hidden_64_layers_1,/workspaces/nuscenes_trajectory_demo/outputs/results_motion_yaw/lstm/lstm_horizon_errors.csv,/workspaces/nuscenes_trajectory_demo/outputs/plots_motion_yaw,err_5p5s,1.7900210209767962,5.5
motion_yaw,lstm,lstm_hidden_64_layers_1,/workspaces/nuscenes_trajectory_demo/outputs/results_motion_yaw/lstm/lstm_horizon_errors.csv,/workspaces/nuscenes_trajectory_demo/outputs/plots_motion_yaw,err_6p0s,2.056215047418556,6.0
motion_yaw,mlp,mlp_hidden_128,/workspaces/nuscenes_trajectory_demo/outputs/results_motion_yaw/mlp/mlp_horizon_errors.csv,/workspaces/nuscenes_trajectory_demo/outputs/plots_motion_yaw,err_0p5s,0.1096719515512218,0.5
motion_yaw,mlp,mlp_hidden_128,/workspaces/nuscenes_trajectory_demo/outputs/results_motion_yaw/mlp/mlp_horizon_errors.csv,/workspaces/nuscenes_trajectory_demo/outputs/plots_motion_yaw,err_1p0s,0.2308352042830599,1.0
motion_yaw,mlp,mlp_hidden_128,/workspaces/nuscenes_trajectory_demo/outputs/results_motion_yaw/mlp/mlp_horizon_errors.csv,/workspaces/nuscenes_trajectory_demo/outputs/plots_motion_yaw,err_1p5s,0.3573397505487347,1.5
motion_yaw,mlp,mlp_hidden_128,/workspaces/nuscenes_trajectory_demo/outputs/results_motion_yaw/mlp/mlp_horizon_errors.csv,/workspaces/nuscenes_trajectory_demo/outputs/plots_motion_yaw,err_2p0s,0.5023900783833762,2.0
motion_yaw,mlp,mlp_hidden_128,/workspaces/nuscenes_trajectory_demo/outputs/results_motion_yaw/mlp/mlp_horizon_errors.csv,/workspaces/nuscenes_trajectory_demo/outputs/plots_motion_yaw,err_2p5s,0.654860604773355,2.5
motion_yaw,mlp,mlp_hidden_128,/workspaces/nuscenes_trajectory_demo/outputs/results_motion_yaw/mlp/mlp_horizon_errors.csv,/workspaces/nuscenes_trajectory_demo/outputs/plots_motion_yaw,err_3p0s,0.8336558294706099,3.0
motion_yaw,mlp,mlp_hidden_128,/workspaces/nuscenes_trajectory_demo/outputs/results_motion_yaw/mlp/mlp_horizon_errors.csv,/workspaces/nuscenes_trajectory_demo/outputs/plots_motion_yaw,err_3p5s,1.033043151578485,3.5
motion_yaw,mlp,mlp_hidden_128,/workspaces/nuscenes_trajectory_demo/outputs/results_motion_yaw/mlp/mlp_horizon_errors.csv,/workspaces/nuscenes_trajectory_demo/outputs/plots_motion_yaw,err_4p0s,1.2490755009540324,4.0
motion_yaw,mlp,mlp_hidden_128,/workspaces/nuscenes_trajectory_demo/outputs/results_motion_yaw/mlp/mlp_horizon_errors.csv,/workspaces/nuscenes_trajectory_demo/outputs/plots_motion_yaw,err_4p5s,1.5102643317804905,4.5
motion_yaw,mlp,mlp_hidden_128,/workspaces/nuscenes_trajectory_demo/outputs/results_motion_yaw/mlp/mlp_horizon_errors.csv,/workspaces/nuscenes_trajectory_demo/outputs/plots_motion_yaw,err_5p0s,1.7608171666958945,5.0
motion_yaw,mlp,mlp_hidden_128,/workspaces/nuscenes_trajectory_demo/outputs/results_motion_yaw/mlp/mlp_horizon_errors.csv,/workspaces/nuscenes_trajectory_demo/outputs/plots_motion_yaw,err_5p5s,2.0341097628168594,5.5
motion_yaw,mlp,mlp_hidden_128,/workspaces/nuscenes_trajectory_demo/outputs/results_motion_yaw/mlp/mlp_horizon_errors.csv,/workspaces/nuscenes_trajectory_demo/outputs/plots_motion_yaw,err_6p0s,2.3539160906346464,6.0
motion_yaw,mlp,mlp_hidden_256,/workspaces/nuscenes_trajectory_demo/outputs/results_motion_yaw/mlp/mlp_horizon_errors.csv,/workspaces/nuscenes_trajectory_demo/outputs/plots_motion_yaw,err_0p5s,0.1054360028278593,0.5
motion_yaw,mlp,mlp_hidden_256,/workspaces/nuscenes_trajectory_demo/outputs/results_motion_yaw/mlp/mlp_horizon_errors.csv,/workspaces/nuscenes_trajectory_demo/outputs/plots_motion_yaw,err_1p0s,0.2078745485776545,1.0
motion_yaw,mlp,mlp_hidden_256,/workspaces/nuscenes_trajectory_demo/outputs/results_motion_yaw/mlp/mlp_horizon_errors.csv,/workspaces/nuscenes_trajectory_demo/outputs/plots_motion_yaw,err_1p5s,0.3434010444623048,1.5
motion_yaw,mlp,mlp_hidden_256,/workspaces/nuscenes_trajectory_demo/outputs/results_motion_yaw/mlp/mlp_horizon_errors.csv,/workspaces/nuscenes_trajectory_demo/outputs/plots_motion_yaw,err_2p0s,0.48046334666155,2.0
motion_yaw,mlp,mlp_hidden_256,/workspaces/nuscenes_trajectory_demo/outputs/results_motion_yaw/mlp/mlp_horizon_errors.csv,/workspaces/nuscenes_trajectory_demo/outputs/plots_motion_yaw,err_2p5s,0.6353673628777456,2.5
motion_yaw,mlp,mlp_hidden_256,/workspaces/nuscenes_trajectory_demo/outputs/results_motion_yaw/mlp/mlp_horizon_errors.csv,/workspaces/nuscenes_trajectory_demo/outputs/plots_motion_yaw,err_3p0s,0.7982559740269359,3.0
motion_yaw,mlp,mlp_hidden_256,/workspaces/nuscenes_trajectory_demo/outputs/results_motion_yaw/mlp/mlp_horizon_errors.csv,/workspaces/nuscenes_trajectory_demo/outputs/plots_motion_yaw,err_3p5s,1.0093352273773812,3.5
motion_yaw,mlp,mlp_hidden_256,/workspaces/nuscenes_trajectory_demo/outputs/results_motion_yaw/mlp/mlp_horizon_errors.csv,/workspaces/nuscenes_trajectory_demo/outputs/plots_motion_yaw,err_4p0s,1.2172089240709532,4.0
motion_yaw,mlp,mlp_hidden_256,/workspaces/nuscenes_trajectory_demo/outputs/results_motion_yaw/mlp/mlp_horizon_errors.csv,/workspaces/nuscenes_trajectory_demo/outputs/plots_motion_yaw,err_4p5s,1.4596968778932933,4.5
motion_yaw,mlp,mlp_hidden_256,/workspaces/nuscenes_trajectory_demo/outputs/results_motion_yaw/mlp/mlp_horizon_errors.csv,/workspaces/nuscenes_trajectory_demo/outputs/plots_motion_yaw,err_5p0s,1.721226743136702,5.0
motion_yaw,mlp,mlp_hidden_256,/workspaces/nuscenes_trajectory_demo/outputs/results_motion_yaw/mlp/mlp_horizon_errors.csv,/workspaces/nuscenes_trajectory_demo/outputs/plots_motion_yaw,err_5p5s,1.979683263778332,5.5
motion_yaw,mlp,mlp_hidden_256,/workspaces/nuscenes_trajectory_demo/outputs/results_motion_yaw/mlp/mlp_horizon_errors.csv,/workspaces/nuscenes_trajectory_demo/outputs/plots_motion_yaw,err_6p0s,2.283987212289172,6.0
motion_yaw,mlp,mlp_hidden_64,/workspaces/nuscenes_trajectory_demo/outputs/results_motion_yaw/mlp/mlp_horizon_errors.csv,/workspaces/nuscenes_trajectory_demo/outputs/plots_motion_yaw,err_0p5s,0.1471271074416026,0.5
motion_yaw,mlp,mlp_hidden_64,/workspaces/nuscenes_trajectory_demo/outputs/results_motion_yaw/mlp/mlp_horizon_errors.csv,/workspaces/nuscenes_trajectory_demo/outputs/plots_motion_yaw,err_1p0s,0.2715398975646663,1.0
motion_yaw,mlp,mlp_hidden_64,/workspaces/nuscenes_trajectory_demo/outputs/results_motion_yaw/mlp/mlp_horizon_errors.csv,/workspaces/nuscenes_trajectory_demo/outputs/plots_motion_yaw,err_1p5s,0.3830646433346952,1.5
motion_yaw,mlp,mlp_hidden_64,/workspaces/nuscenes_trajectory_demo/outputs/results_motion_yaw/mlp/mlp_horizon_errors.csv,/workspaces/nuscenes_trajectory_demo/outputs/plots_motion_yaw,err_2p0s,0.5260371642629749,2.0
motion_yaw,mlp,mlp_hidden_64,/workspaces/nuscenes_trajectory_demo/outputs/results_motion_yaw/mlp/mlp_horizon_errors.csv,/workspaces/nuscenes_trajectory_demo/outputs/plots_motion_yaw,err_2p5s,0.6985377683309211,2.5
motion_yaw,mlp,mlp_hidden_64,/workspaces/nuscenes_trajectory_demo/outputs/results_motion_yaw/mlp/mlp_horizon_errors.csv,/workspaces/nuscenes_trajectory_demo/outputs/plots_motion_yaw,err_3p0s,0.8621838899712615,3.0
motion_yaw,mlp,mlp_hidden_64,/workspaces/nuscenes_trajectory_demo/outputs/results_motion_yaw/mlp/mlp_horizon_errors.csv,/workspaces/nuscenes_trajectory_demo/outputs/plots_motion_yaw,err_3p5s,1.0942139972857232,3.5
motion_yaw,mlp,mlp_hidden_64,/workspaces/nuscenes_trajectory_demo/outputs/results_motion_yaw/mlp/mlp_horizon_errors.csv,/workspaces/nuscenes_trajectory_demo/outputs/plots_motion_yaw,err_4p0s,1.3366062013040143,4.0
motion_yaw,mlp,mlp_hidden_64,/workspaces/nuscenes_trajectory_demo/outputs/results_motion_yaw/mlp/mlp_horizon_errors.csv,/workspaces/nuscenes_trajectory_demo/outputs/plots_motion_yaw,err_4p5s,1.5954376870570492,4.5
motion_yaw,mlp,mlp_hidden_64,/workspaces/nuscenes_trajectory_demo/outputs/results_motion_yaw/mlp/mlp_horizon_errors.csv,/workspaces/nuscenes_trajectory_demo/outputs/plots_motion_yaw,err_5p0s,1.8354137585384624,5.0
motion_yaw,mlp,mlp_hidden_64,/workspaces/nuscenes_trajectory_demo/outputs/results_motion_yaw/mlp/mlp_horizon_errors.csv,/workspaces/nuscenes_trajectory_demo/outputs/plots_motion_yaw,err_5p5s,2.1260594414938665,5.5
motion_yaw,mlp,mlp_hidden_64,/workspaces/nuscenes_trajectory_demo/outputs/results_motion_yaw/mlp/mlp_horizon_errors.csv,/workspaces/nuscenes_trajectory_demo/outputs/plots_motion_yaw,err_6p0s,2.409537376542424,6.0
motion_yaw,transformer,transformer_d128_heads_4_layers_1_ff_256_lr_0p0003,/workspaces/nuscenes_trajectory_demo/outputs/results_motion_yaw/transformer/transformer_horizon_errors.csv,/workspaces/nuscenes_trajectory_demo/outputs/plots_motion_yaw,err_0p5s,0.1265173850589979,0.5
motion_yaw,transformer,transformer_d128_heads_4_layers_1_ff_256_lr_0p0003,/workspaces/nuscenes_trajectory_demo/outputs/results_motion_yaw/transformer/transformer_horizon_errors.csv,/workspaces/nuscenes_trajectory_demo/outputs/plots_motion_yaw,err_1p0s,0.2333281034271666,1.0
motion_yaw,transformer,transformer_d128_heads_4_layers_1_ff_256_lr_0p0003,/workspaces/nuscenes_trajectory_demo/outputs/results_motion_yaw/transformer/transformer_horizon_errors.csv,/workspaces/nuscenes_trajectory_demo/outputs/plots_motion_yaw,err_1p5s,0.347592134208257,1.5
motion_yaw,transformer,transformer_d128_heads_4_layers_1_ff_256_lr_0p0003,/workspaces/nuscenes_trajectory_demo/outputs/results_motion_yaw/transformer/transformer_horizon_errors.csv,/workspaces/nuscenes_trajectory_demo/outputs/plots_motion_yaw,err_2p0s,0.484009871952532,2.0
motion_yaw,transformer,transformer_d128_heads_4_layers_1_ff_256_lr_0p0003,/workspaces/nuscenes_trajectory_demo/outputs/results_motion_yaw/transformer/transformer_horizon_errors.csv,/workspaces/nuscenes_trajectory_demo/outputs/plots_motion_yaw,err_2p5s,0.6348078227567219,2.5
motion_yaw,transformer,transformer_d128_heads_4_layers_1_ff_256_lr_0p0003,/workspaces/nuscenes_trajectory_demo/outputs/results_motion_yaw/transformer/transformer_horizon_errors.csv,/workspaces/nuscenes_trajectory_demo/outputs/plots_motion_yaw,err_3p0s,0.7986076582996744,3.0
motion_yaw,transformer,transformer_d128_heads_4_layers_1_ff_256_lr_0p0003,/workspaces/nuscenes_trajectory_demo/outputs/results_motion_yaw/transformer/transformer_horizon_errors.csv,/workspaces/nuscenes_trajectory_demo/outputs/plots_motion_yaw,err_3p5s,0.9694196094564672,3.5
motion_yaw,transformer,transformer_d128_heads_4_layers_1_ff_256_lr_0p0003,/workspaces/nuscenes_trajectory_demo/outputs/results_motion_yaw/transformer/transformer_horizon_errors.csv,/workspaces/nuscenes_trajectory_demo/outputs/plots_motion_yaw,err_4p0s,1.1542377729704392,4.0
motion_yaw,transformer,transformer_d128_heads_4_layers_1_ff_256_lr_0p0003,/workspaces/nuscenes_trajectory_demo/outputs/results_motion_yaw/transformer/transformer_horizon_errors.csv,/workspaces/nuscenes_trajectory_demo/outputs/plots_motion_yaw,err_4p5s,1.3638434999093905,4.5
motion_yaw,transformer,transformer_d128_heads_4_layers_1_ff_256_lr_0p0003,/workspaces/nuscenes_trajectory_demo/outputs/results_motion_yaw/transformer/transformer_horizon_errors.csv,/workspaces/nuscenes_trajectory_demo/outputs/plots_motion_yaw,err_5p0s,1.5794862878189055,5.0
motion_yaw,transformer,transformer_d128_heads_4_layers_1_ff_256_lr_0p0003,/workspaces/nuscenes_trajectory_demo/outputs/results_motion_yaw/transformer/transformer_horizon_errors.csv,/workspaces/nuscenes_trajectory_demo/outputs/plots_motion_yaw,err_5p5s,1.833430887340166,5.5
motion_yaw,transformer,transformer_d128_heads_4_layers_1_ff_256_lr_0p0003,/workspaces/nuscenes_trajectory_demo/outputs/results_motion_yaw/transformer/transformer_horizon_errors.csv,/workspaces/nuscenes_trajectory_demo/outputs/plots_motion_yaw,err_6p0s,2.1091696159444173,6.0
motion_yaw,transformer,transformer_d128_heads_4_layers_2_ff_256_lr_0p0003,/workspaces/nuscenes_trajectory_demo/outputs/results_motion_yaw/transformer/transformer_horizon_errors.csv,/workspaces/nuscenes_trajectory_demo/outputs/plots_motion_yaw,err_0p5s,0.1285313071669158,0.5
motion_yaw,transformer,transformer_d128_heads_4_layers_2_ff_256_lr_0p0003,/workspaces/nuscenes_trajectory_demo/outputs/results_motion_yaw/transformer/transformer_horizon_errors.csv,/workspaces/nuscenes_trajectory_demo/outputs/plots_motion_yaw,err_1p0s,0.2317484817388256,1.0
motion_yaw,transformer,transformer_d128_heads_4_layers_2_ff_256_lr_0p0003,/workspaces/nuscenes_trajectory_demo/outputs/results_motion_yaw/transformer/transformer_horizon_errors.csv,/workspaces/nuscenes_trajectory_demo/outputs/plots_motion_yaw,err_1p5s,0.3431740318218627,1.5
motion_yaw,transformer,transformer_d128_heads_4_layers_2_ff_256_lr_0p0003,/workspaces/nuscenes_trajectory_demo/outputs/results_motion_yaw/transformer/transformer_horizon_errors.csv,/workspaces/nuscenes_trajectory_demo/outputs/plots_motion_yaw,err_2p0s,0.4712628152926548,2.0
motion_yaw,transformer,transformer_d128_heads_4_layers_2_ff_256_lr_0p0003,/workspaces/nuscenes_trajectory_demo/outputs/results_motion_yaw/transformer/transformer_horizon_errors.csv,/workspaces/nuscenes_trajectory_demo/outputs/plots_motion_yaw,err_2p5s,0.610695824971613,2.5
motion_yaw,transformer,transformer_d128_heads_4_layers_2_ff_256_lr_0p0003,/workspaces/nuscenes_trajectory_demo/outputs/results_motion_yaw/transformer/transformer_horizon_errors.csv,/workspaces/nuscenes_trajectory_demo/outputs/plots_motion_yaw,err_3p0s,0.7600333261156762,3.0
motion_yaw,transformer,transformer_d128_heads_4_layers_2_ff_256_lr_0p0003,/workspaces/nuscenes_trajectory_demo/outputs/results_motion_yaw/transformer/transformer_horizon_errors.csv,/workspaces/nuscenes_trajectory_demo/outputs/plots_motion_yaw,err_3p5s,0.9262692117951122,3.5
motion_yaw,transformer,transformer_d128_heads_4_layers_2_ff_256_lr_0p0003,/workspaces/nuscenes_trajectory_demo/outputs/results_motion_yaw/transformer/transformer_horizon_errors.csv,/workspaces/nuscenes_trajectory_demo/outputs/plots_motion_yaw,err_4p0s,1.114376162198658,4.0
motion_yaw,transformer,transformer_d128_heads_4_layers_2_ff_256_lr_0p0003,/workspaces/nuscenes_trajectory_demo/outputs/results_motion_yaw/transformer/transformer_horizon_errors.csv,/workspaces/nuscenes_trajectory_demo/outputs/plots_motion_yaw,err_4p5s,1.3069472253436372,4.5
motion_yaw,transformer,transformer_d128_heads_4_layers_2_ff_256_lr_0p0003,/workspaces/nuscenes_trajectory_demo/outputs/results_motion_yaw/transformer/transformer_horizon_errors.csv,/workspaces/nuscenes_trajectory_demo/outputs/plots_motion_yaw,err_5p0s,1.524741306826234,5.0
motion_yaw,transformer,transformer_d128_heads_4_layers_2_ff_256_lr_0p0003,/workspaces/nuscenes_trajectory_demo/outputs/results_motion_yaw/transformer/transformer_horizon_errors.csv,/workspaces/nuscenes_trajectory_demo/outputs/plots_motion_yaw,err_5p5s,1.7610470228471309,5.5
motion_yaw,transformer,transformer_d128_heads_4_layers_2_ff_256_lr_0p0003,/workspaces/nuscenes_trajectory_demo/outputs/results_motion_yaw/transformer/transformer_horizon_errors.csv,/workspaces/nuscenes_trajectory_demo/outputs/plots_motion_yaw,err_6p0s,2.012749534675756,6.0
motion_yaw,transformer,transformer_d128_heads_4_layers_2_ff_512_lr_0p0003,/workspaces/nuscenes_trajectory_demo/outputs/results_motion_yaw/transformer/transformer_horizon_errors.csv,/workspaces/nuscenes_trajectory_demo/outputs/plots_motion_yaw,err_0p5s,0.1397259447128983,0.5
motion_yaw,transformer,transformer_d128_heads_4_layers_2_ff_512_lr_0p0003,/workspaces/nuscenes_trajectory_demo/outputs/results_motion_yaw/transformer/transformer_horizon_errors.csv,/workspaces/nuscenes_trajectory_demo/outputs/plots_motion_yaw,err_1p0s,0.2563466857956717,1.0
motion_yaw,transformer,transformer_d128_heads_4_layers_2_ff_512_lr_0p0003,/workspaces/nuscenes_trajectory_demo/outputs/results_motion_yaw/transformer/transformer_horizon_errors.csv,/workspaces/nuscenes_trajectory_demo/outputs/plots_motion_yaw,err_1p5s,0.3776231409194059,1.5
motion_yaw,transformer,transformer_d128_heads_4_layers_2_ff_512_lr_0p0003,/workspaces/nuscenes_trajectory_demo/outputs/results_motion_yaw/transformer/transformer_horizon_errors.csv,/workspaces/nuscenes_trajectory_demo/outputs/plots_motion_yaw,err_2p0s,0.4981706453853059,2.0
motion_yaw,transformer,transformer_d128_heads_4_layers_2_ff_512_lr_0p0003,/workspaces/nuscenes_trajectory_demo/outputs/results_motion_yaw/transformer/transformer_horizon_errors.csv,/workspaces/nuscenes_trajectory_demo/outputs/plots_motion_yaw,err_2p5s,0.6452440932410933,2.5
motion_yaw,transformer,transformer_d128_heads_4_layers_2_ff_512_lr_0p0003,/workspaces/nuscenes_trajectory_demo/outputs/results_motion_yaw/transformer/transformer_horizon_errors.csv,/workspaces/nuscenes_trajectory_demo/outputs/plots_motion_yaw,err_3p0s,0.7997016593852261,3.0
motion_yaw,transformer,transformer_d128_heads_4_layers_2_ff_512_lr_0p0003,/workspaces/nuscenes_trajectory_demo/outputs/results_motion_yaw/transformer/transformer_horizon_errors.csv,/workspaces/nuscenes_trajectory_demo/outputs/plots_motion_yaw,err_3p5s,0.9689343478649708,3.5
motion_yaw,transformer,transformer_d128_heads_4_layers_2_ff_512_lr_0p0003,/workspaces/nuscenes_trajectory_demo/outputs/results_motion_yaw/transformer/transformer_horizon_errors.csv,/workspaces/nuscenes_trajectory_demo/outputs/plots_motion_yaw,err_4p0s,1.1512459754052211,4.0
motion_yaw,transformer,transformer_d128_heads_4_layers_2_ff_512_lr_0p0003,/workspaces/nuscenes_trajectory_demo/outputs/results_motion_yaw/transformer/transformer_horizon_errors.csv,/workspaces/nuscenes_trajectory_demo/outputs/plots_motion_yaw,err_4p5s,1.364442624537994,4.5
motion_yaw,transformer,transformer_d128_heads_4_layers_2_ff_512_lr_0p0003,/workspaces/nuscenes_trajectory_demo/outputs/results_motion_yaw/transformer/transformer_horizon_errors.csv,/workspaces/nuscenes_trajectory_demo/outputs/plots_motion_yaw,err_5p0s,1.583906149863403,5.0
motion_yaw,transformer,transformer_d128_heads_4_layers_2_ff_512_lr_0p0003,/workspaces/nuscenes_trajectory_demo/outputs/results_motion_yaw/transformer/transformer_horizon_errors.csv,/workspaces/nuscenes_trajectory_demo/outputs/plots_motion_yaw,err_5p5s,1.833861346623466,5.5
motion_yaw,transformer,transformer_d128_heads_4_layers_2_ff_512_lr_0p0003,/workspaces/nuscenes_trajectory_demo/outputs/results_motion_yaw/transformer/transformer_horizon_errors.csv,/workspaces/nuscenes_trajectory_demo/outputs/plots_motion_yaw,err_6p0s,2.094662562609962,6.0
motion_yaw,transformer,transformer_d64_heads_4_layers_1_ff_128_lr_0p0003,/workspaces/nuscenes_trajectory_demo/outputs/results_motion_yaw/transformer/transformer_horizon_errors.csv,/workspaces/nuscenes_trajectory_demo/outputs/plots_motion_yaw,err_0p5s,0.1336129125318786,0.5
motion_yaw,transformer,transformer_d64_heads_4_layers_1_ff_128_lr_0p0003,/workspaces/nuscenes_trajectory_demo/outputs/results_motion_yaw/transformer/transformer_horizon_errors.csv,/workspaces/nuscenes_trajectory_demo/outputs/plots_motion_yaw,err_1p0s,0.2484179287011184,1.0
motion_yaw,transformer,transformer_d64_heads_4_layers_1_ff_128_lr_0p0003,/workspaces/nuscenes_trajectory_demo/outputs/results_motion_yaw/transformer/transformer_horizon_errors.csv,/workspaces/nuscenes_trajectory_demo/outputs/plots_motion_yaw,err_1p5s,0.3718497066617022,1.5
motion_yaw,transformer,transformer_d64_heads_4_layers_1_ff_128_lr_0p0003,/workspaces/nuscenes_trajectory_demo/outputs/results_motion_yaw/transformer/transformer_horizon_errors.csv,/workspaces/nuscenes_trajectory_demo/outputs/plots_motion_yaw,err_2p0s,0.5054890389796625,2.0
motion_yaw,transformer,transformer_d64_heads_4_layers_1_ff_128_lr_0p0003,/workspaces/nuscenes_trajectory_demo/outputs/results_motion_yaw/transformer/transformer_horizon_errors.csv,/workspaces/nuscenes_trajectory_demo/outputs/plots_motion_yaw,err_2p5s,0.6682443875496656,2.5
motion_yaw,transformer,transformer_d64_heads_4_layers_1_ff_128_lr_0p0003,/workspaces/nuscenes_trajectory_demo/outputs/results_motion_yaw/transformer/transformer_horizon_errors.csv,/workspaces/nuscenes_trajectory_demo/outputs/plots_motion_yaw,err_3p0s,0.8411924958472397,3.0
motion_yaw,transformer,transformer_d64_heads_4_layers_1_ff_128_lr_0p0003,/workspaces/nuscenes_trajectory_demo/outputs/results_motion_yaw/transformer/transformer_horizon_errors.csv,/workspaces/nuscenes_trajectory_demo/outputs/plots_motion_yaw,err_3p5s,1.0305969564148902,3.5
motion_yaw,transformer,transformer_d64_heads_4_layers_1_ff_128_lr_0p0003,/workspaces/nuscenes_trajectory_demo/outputs/results_motion_yaw/transformer/transformer_horizon_errors.csv,/workspaces/nuscenes_trajectory_demo/outputs/plots_motion_yaw,err_4p0s,1.23087555249301,4.0
motion_yaw,transformer,transformer_d64_heads_4_layers_1_ff_128_lr_0p0003,/workspaces/nuscenes_trajectory_demo/outputs/results_motion_yaw/transformer/transformer_horizon_errors.csv,/workspaces/nuscenes_trajectory_demo/outputs/plots_motion_yaw,err_4p5s,1.474606884546202,4.5
motion_yaw,transformer,transformer_d64_heads_4_layers_1_ff_128_lr_0p0003,/workspaces/nuscenes_trajectory_demo/outputs/results_motion_yaw/transformer/transformer_horizon_errors.csv,/workspaces/nuscenes_trajectory_demo/outputs/plots_motion_yaw,err_5p0s,1.7119083336134613,5.0
motion_yaw,transformer,transformer_d64_heads_4_layers_1_ff_128_lr_0p0003,/workspaces/nuscenes_trajectory_demo/outputs/results_motion_yaw/transformer/transformer_horizon_errors.csv,/workspaces/nuscenes_trajectory_demo/outputs/plots_motion_yaw,err_5p5s,1.980745942162519,5.5
motion_yaw,transformer,transformer_d64_heads_4_layers_1_ff_128_lr_0p0003,/workspaces/nuscenes_trajectory_demo/outputs/results_motion_yaw/transformer/transformer_horizon_errors.csv,/workspaces/nuscenes_trajectory_demo/outputs/plots_motion_yaw,err_6p0s,2.270656652454901,6.0
