feature_set,model_group,method,horizon_path,horizon_field,error,horizon_seconds
motion_yaw,constant_velocity,constant_velocity_last_step,/workspaces/nuscenes_trajectory_demo/outputs/results_motion_yaw/constant_velocity/constant_velocity_horizon_errors.csv,err_0p5s,0.079596816411481,0.5
motion_yaw,constant_velocity,constant_velocity_last_step,/workspaces/nuscenes_trajectory_demo/outputs/results_motion_yaw/constant_velocity/constant_velocity_horizon_errors.csv,err_1p0s,0.1930019340440842,1.0
motion_yaw,constant_velocity,constant_velocity_last_step,/workspaces/nuscenes_trajectory_demo/outputs/results_motion_yaw/constant_velocity/constant_velocity_horizon_errors.csv,err_1p5s,0.335005584032223,1.5
motion_yaw,constant_velocity,constant_velocity_last_step,/workspaces/nuscenes_trajectory_demo/outputs/results_motion_yaw/constant_velocity/constant_velocity_horizon_errors.csv,err_2p0s,0.498778968983474,2.0
motion_yaw,constant_velocity,constant_velocity_last_step,/workspaces/nuscenes_trajectory_demo/outputs/results_motion_yaw/constant_velocity/constant_velocity_horizon_errors.csv,err_2p5s,0.6890124726714103,2.5
motion_yaw,constant_velocity,constant_velocity_last_step,/workspaces/nuscenes_trajectory_demo/outputs/results_motion_yaw/constant_velocity/constant_velocity_horizon_errors.csv,err_3p0s,0.902246685965112,3.0
motion_yaw,constant_velocity,constant_velocity_last_step,/workspaces/nuscenes_trajectory_demo/outputs/results_motion_yaw/constant_velocity/constant_velocity_horizon_errors.csv,err_3p5s,1.1404653969695409,3.5
motion_yaw,constant_velocity,constant_velocity_last_step,/workspaces/nuscenes_trajectory_demo/outputs/results_motion_yaw/constant_velocity/constant_velocity_horizon_errors.csv,err_4p0s,1.3969370321627304,4.0
motion_yaw,constant_velocity,constant_velocity_last_step,/workspaces/nuscenes_trajectory_demo/outputs/results_motion_yaw/constant_velocity/constant_velocity_horizon_errors.csv,err_4p5s,1.681038905704554,4.5
motion_yaw,constant_velocity,constant_velocity_last_step,/workspaces/nuscenes_trajectory_demo/outputs/results_motion_yaw/constant_velocity/constant_velocity_horizon_errors.csv,err_5p0s,1.978960850602479,5.0
motion_yaw,constant_velocity,constant_velocity_last_step,/workspaces/nuscenes_trajectory_demo/outputs/results_motion_yaw/constant_velocity/constant_velocity_horizon_errors.csv,err_5p5s,2.2975037539356644,5.5
motion_yaw,constant_velocity,constant_velocity_last_step,/workspaces/nuscenes_trajectory_demo/outputs/results_motion_yaw/constant_velocity/constant_velocity_horizon_errors.csv,err_6p0s,2.6385461937492933,6.0
motion_yaw,constant_velocity,constant_velocity_smoothed,/workspaces/nuscenes_trajectory_demo/outputs/results_motion_yaw/constant_velocity/constant_velocity_horizon_errors.csv,err_0p5s,0.1251466127619096,0.5
motion_yaw,constant_velocity,constant_velocity_smoothed,/workspaces/nuscenes_trajectory_demo/outputs/results_motion_yaw/constant_velocity/constant_velocity_horizon_errors.csv,err_1p0s,0.270759246196855,1.0
motion_yaw,constant_velocity,constant_velocity_smoothed,/workspaces/nuscenes_trajectory_demo/outputs/results_motion_yaw/constant_velocity/constant_velocity_horizon_errors.csv,err_1p5s,0.4381657388633936,1.5
motion_yaw,constant_velocity,constant_velocity_smoothed,/workspaces/nuscenes_trajectory_demo/outputs/results_motion_yaw/constant_velocity/constant_velocity_horizon_errors.csv,err_2p0s,0.6230926699142959,2.0
motion_yaw,constant_velocity,constant_velocity_smoothed,/workspaces/nuscenes_trajectory_demo/outputs/results_motion_yaw/constant_velocity/constant_velocity_horizon_errors.csv,err_2p5s,0.8298652010766587,2.5
motion_yaw,constant_velocity,constant_velocity_smoothed,/workspaces/nuscenes_trajectory_demo/outputs/results_motion_yaw/constant_velocity/constant_velocity_horizon_errors.csv,err_3p0s,1.0553904312405806,3.0
motion_yaw,constant_velocity,constant_velocity_smoothed,/workspaces/nuscenes_trajectory_demo/outputs/results_motion_yaw/constant_velocity/constant_velocity_horizon_errors.csv,err_3p5s,1.305474393749302,3.5
motion_yaw,constant_velocity,constant_velocity_smoothed,/workspaces/nuscenes_trajectory_demo/outputs/results_motion_yaw/constant_velocity/constant_velocity_horizon_errors.csv,err_4p0s,1.5744759929005918,4.0
motion_yaw,constant_velocity,constant_velocity_smoothed,/workspaces/nuscenes_trajectory_demo/outputs/results_motion_yaw/constant_velocity/constant_velocity_horizon_errors.csv,err_4p5s,1.8653851888877648,4.5
motion_yaw,constant_velocity,constant_velocity_smoothed,/workspaces/nuscenes_trajectory_demo/outputs/results_motion_yaw/constant_velocity/constant_velocity_horizon_errors.csv,err_5p0s,2.168685438442398,5.0
motion_yaw,constant_velocity,constant_velocity_smoothed,/workspaces/nuscenes_trajectory_demo/outputs/results_motion_yaw/constant_velocity/constant_velocity_horizon_errors.csv,err_5p5s,2.4972499739553977,5.5
motion_yaw,constant_velocity,constant_velocity_smoothed,/workspaces/nuscenes_trajectory_demo/outputs/results_motion_yaw/constant_velocity/constant_velocity_horizon_errors.csv,err_6p0s,2.847668970837152,6.0
motion_yaw,gru,gru_hidden_128_layers_1,/workspaces/nuscenes_trajectory_demo/outputs/results_motion_yaw/gru/gru_horizon_errors.csv,err_0p5s,0.1215219598594889,0.5
motion_yaw,gru,gru_hidden_128_layers_1,/workspaces/nuscenes_trajectory_demo/outputs/results_motion_yaw/gru/gru_horizon_errors.csv,err_1p0s,0.2338547386759521,1.0
motion_yaw,gru,gru_hidden_128_layers_1,/workspaces/nuscenes_trajectory_demo/outputs/results_motion_yaw/gru/gru_horizon_errors.csv,err_1p5s,0.360382383790817,1.5
motion_yaw,gru,gru_hidden_128_layers_1,/workspaces/nuscenes_trajectory_demo/outputs/results_motion_yaw/gru/gru_horizon_errors.csv,err_2p0s,0.4952096679268255,2.0
motion_yaw,gru,gru_hidden_128_layers_1,/workspaces/nuscenes_trajectory_demo/outputs/results_motion_yaw/gru/gru_horizon_errors.csv,err_2p5s,0.6505797038401149,2.5
motion_yaw,gru,gru_hidden_128_layers_1,/workspaces/nuscenes_trajectory_demo/outputs/results_motion_yaw/gru/gru_horizon_errors.csv,err_3p0s,0.8262185639356506,3.0
motion_yaw,gru,gru_hidden_128_layers_1,/workspaces/nuscenes_trajectory_demo/outputs/results_motion_yaw/gru/gru_horizon_errors.csv,err_3p5s,1.0058122811341574,3.5
motion_yaw,gru,gru_hidden_128_layers_1,/workspaces/nuscenes_trajectory_demo/outputs/results_motion_yaw/gru/gru_horizon_errors.csv,err_4p0s,1.1958968568413348,4.0
motion_yaw,gru,gru_hidden_128_layers_1,/workspaces/nuscenes_trajectory_demo/outputs/results_motion_yaw/gru/gru_horizon_errors.csv,err_4p5s,1.4265105350006542,4.5
motion_yaw,gru,gru_hidden_128_layers_1,/workspaces/nuscenes_trajectory_demo/outputs/results_motion_yaw/gru/gru_horizon_errors.csv,err_5p0s,1.6600386656434487,5.0
motion_yaw,gru,gru_hidden_128_layers_1,/workspaces/nuscenes_trajectory_demo/outputs/results_motion_yaw/gru/gru_horizon_errors.csv,err_5p5s,1.9190067061122549,5.5
motion_yaw,gru,gru_hidden_128_layers_1,/workspaces/nuscenes_trajectory_demo/outputs/results_motion_yaw/gru/gru_horizon_errors.csv,err_6p0s,2.2018894258428854,6.0
motion_yaw,gru,gru_hidden_128_layers_2,/workspaces/nuscenes_trajectory_demo/outputs/results_motion_yaw/gru/gru_horizon_errors.csv,err_0p5s,0.1226528508497556,0.5
motion_yaw,gru,gru_hidden_128_layers_2,/workspaces/nuscenes_trajectory_demo/outputs/results_motion_yaw/gru/gru_horizon_errors.csv,err_1p0s,0.2512202676169346,1.0
motion_yaw,gru,gru_hidden_128_layers_2,/workspaces/nuscenes_trajectory_demo/outputs/results_motion_yaw/gru/gru_horizon_errors.csv,err_1p5s,0.3728015223314287,1.5
motion_yaw,gru,gru_hidden_128_layers_2,/workspaces/nuscenes_trajectory_demo/outputs/results_motion_yaw/gru/gru_horizon_errors.csv,err_2p0s,0.4963057603070576,2.0
motion_yaw,gru,gru_hidden_128_layers_2,/workspaces/nuscenes_trajectory_demo/outputs/results_motion_yaw/gru/gru_horizon_errors.csv,err_2p5s,0.6395308617826562,2.5
motion_yaw,gru,gru_hidden_128_layers_2,/workspaces/nuscenes_trajectory_demo/outputs/results_motion_yaw/gru/gru_horizon_errors.csv,err_3p0s,0.7916031165567058,3.0
motion_yaw,gru,gru_hidden_128_layers_2,/workspaces/nuscenes_trajectory_demo/outputs/results_motion_yaw/gru/gru_horizon_errors.csv,err_3p5s,0.9413667868089264,3.5
motion_yaw,gru,gru_hidden_128_layers_2,/workspaces/nuscenes_trajectory_demo/outputs/results_motion_yaw/gru/gru_horizon_errors.csv,err_4p0s,1.1150210493876578,4.0
motion_yaw,gru,gru_hidden_128_layers_2,/workspaces/nuscenes_trajectory_demo/outputs/results_motion_yaw/gru/gru_horizon_errors.csv,err_4p5s,1.3091436423657632,4.5
motion_yaw,gru,gru_hidden_128_layers_2,/workspaces/nuscenes_trajectory_demo/outputs/results_motion_yaw/gru/gru_horizon_errors.csv,err_5p0s,1.5172976709674748,5.0
motion_yaw,gru,gru_hidden_128_layers_2,/workspaces/nuscenes_trajectory_demo/outputs/results_motion_yaw/gru/gru_horizon_errors.csv,err_5p5s,1.7406792832314917,5.5
motion_yaw,gru,gru_hidden_128_layers_2,/workspaces/nuscenes_trajectory_demo/outputs/results_motion_yaw/gru/gru_horizon_errors.csv,err_6p0s,1.99577763921314,6.0
motion_yaw,gru,gru_hidden_128_layers_3,/workspaces/nuscenes_trajectory_demo/outputs/results_motion_yaw/gru/gru_horizon_errors.csv,err_0p5s,0.1206108891135293,0.5
motion_yaw,gru,gru_hidden_128_layers_3,/workspaces/nuscenes_trajectory_demo/outputs/results_motion_yaw/gru/gru_horizon_errors.csv,err_1p0s,0.2282422095492868,1.0
motion_yaw,gru,gru_hidden_128_layers_3,/workspaces/nuscenes_trajectory_demo/outputs/results_motion_yaw/gru/gru_horizon_errors.csv,err_1p5s,0.3431807676930806,1.5
motion_yaw,gru,gru_hidden_128_layers_3,/workspaces/nuscenes_trajectory_demo/outputs/results_motion_yaw/gru/gru_horizon_errors.csv,err_2p0s,0.4833620749231241,2.0
motion_yaw,gru,gru_hidden_128_layers_3,/workspaces/nuscenes_trajectory_demo/outputs/results_motion_yaw/gru/gru_horizon_errors.csv,err_2p5s,0.6226533267596427,2.5
motion_yaw,gru,gru_hidden_128_layers_3,/workspaces/nuscenes_trajectory_demo/outputs/results_motion_yaw/gru/gru_horizon_errors.csv,err_3p0s,0.7768402904022712,3.0
motion_yaw,gru,gru_hidden_128_layers_3,/workspaces/nuscenes_trajectory_demo/outputs/results_motion_yaw/gru/gru_horizon_errors.csv,err_3p5s,0.9407643279343822,3.5
motion_yaw,gru,gru_hidden_128_layers_3,/workspaces/nuscenes_trajectory_demo/outputs/results_motion_yaw/gru/gru_horizon_errors.csv,err_4p0s,1.128188041848427,4.0
motion_yaw,gru,gru_hidden_128_layers_3,/workspaces/nuscenes_trajectory_demo/outputs/results_motion_yaw/gru/gru_horizon_errors.csv,err_4p5s,1.3228121582294328,4.5
motion_yaw,gru,gru_hidden_128_layers_3,/workspaces/nuscenes_trajectory_demo/outputs/results_motion_yaw/gru/gru_horizon_errors.csv,err_5p0s,1.5318055930375438,5.0
motion_yaw,gru,gru_hidden_128_layers_3,/workspaces/nuscenes_trajectory_demo/outputs/results_motion_yaw/gru/gru_horizon_errors.csv,err_5p5s,1.7644226059174717,5.5
motion_yaw,gru,gru_hidden_128_layers_3,/workspaces/nuscenes_trajectory_demo/outputs/results_motion_yaw/gru/gru_horizon_errors.csv,err_6p0s,2.0303034295767164,6.0
motion_yaw,gru,gru_hidden_256_layers_1,/workspaces/nuscenes_trajectory_demo/outputs/results_motion_yaw/gru/gru_horizon_errors.csv,err_0p5s,0.118611255355807,0.5
motion_yaw,gru,gru_hidden_256_layers_1,/workspaces/nuscenes_trajectory_demo/outputs/results_motion_yaw/gru/gru_horizon_errors.csv,err_1p0s,0.2370001689886604,1.0
motion_yaw,gru,gru_hidden_256_layers_1,/workspaces/nuscenes_trajectory_demo/outputs/results_motion_yaw/gru/gru_horizon_errors.csv,err_1p5s,0.3735886025427714,1.5
motion_yaw,gru,gru_hidden_256_layers_1,/workspaces/nuscenes_trajectory_demo/outputs/results_motion_yaw/gru/gru_horizon_errors.csv,err_2p0s,0.5116771123390539,2.0
motion_yaw,gru,gru_hidden_256_layers_1,/workspaces/nuscenes_trajectory_demo/outputs/results_motion_yaw/gru/gru_horizon_errors.csv,err_2p5s,0.6725321054049842,2.5
motion_yaw,gru,gru_hidden_256_layers_1,/workspaces/nuscenes_trajectory_demo/outputs/results_motion_yaw/gru/gru_horizon_errors.csv,err_3p0s,0.8347542223087988,3.0
motion_yaw,gru,gru_hidden_256_layers_1,/workspaces/nuscenes_trajectory_demo/outputs/results_motion_yaw/gru/gru_horizon_errors.csv,err_3p5s,1.0098848435379544,3.5
motion_yaw,gru,gru_hidden_256_layers_1,/workspaces/nuscenes_trajectory_demo/outputs/results_motion_yaw/gru/gru_horizon_errors.csv,err_4p0s,1.1830289210285465,4.0
motion_yaw,gru,gru_hidden_256_layers_1,/workspaces/nuscenes_trajectory_demo/outputs/results_motion_yaw/gru/gru_horizon_errors.csv,err_4p5s,1.3929752258283603,4.5
motion_yaw,gru,gru_hidden_256_layers_1,/workspaces/nuscenes_trajectory_demo/outputs/results_motion_yaw/gru/gru_horizon_errors.csv,err_5p0s,1.59030414407078,5.0
motion_yaw,gru,gru_hidden_256_layers_1,/workspaces/nuscenes_trajectory_demo/outputs/results_motion_yaw/gru/gru_horizon_errors.csv,err_5p5s,1.8161591142726885,5.5
motion_yaw,gru,gru_hidden_256_layers_1,/workspaces/nuscenes_trajectory_demo/outputs/results_motion_yaw/gru/gru_horizon_errors.csv,err_6p0s,2.0496207559600323,6.0
motion_yaw,gru,gru_hidden_256_layers_2,/workspaces/nuscenes_trajectory_demo/outputs/results_motion_yaw/gru/gru_horizon_errors.csv,err_0p5s,0.110223785431365,0.5
motion_yaw,gru,gru_hidden_256_layers_2,/workspaces/nuscenes_trajectory_demo/outputs/results_motion_yaw/gru/gru_horizon_errors.csv,err_1p0s,0.2033690345312855,1.0
motion_yaw,gru,gru_hidden_256_layers_2,/workspaces/nuscenes_trajectory_demo/outputs/results_motion_yaw/gru/gru_horizon_errors.csv,err_1p5s,0.3173191502716939,1.5
motion_yaw,gru,gru_hidden_256_layers_2,/workspaces/nuscenes_trajectory_demo/outputs/results_motion_yaw/gru/gru_horizon_errors.csv,err_2p0s,0.4435654682396985,2.0
motion_yaw,gru,gru_hidden_256_layers_2,/workspaces/nuscenes_trajectory_demo/outputs/results_motion_yaw/gru/gru_horizon_errors.csv,err_2p5s,0.5879729883540263,2.5
motion_yaw,gru,gru_hidden_256_layers_2,/workspaces/nuscenes_trajectory_demo/outputs/results_motion_yaw/gru/gru_horizon_errors.csv,err_3p0s,0.7396463854059799,3.0
motion_yaw,gru,gru_hidden_256_layers_2,/workspaces/nuscenes_trajectory_demo/outputs/results_motion_yaw/gru/gru_horizon_errors.csv,err_3p5s,0.9034453395979654,3.5
motion_yaw,gru,gru_hidden_256_layers_2,/workspaces/nuscenes_trajectory_demo/outputs/results_motion_yaw/gru/gru_horizon_errors.csv,err_4p0s,1.0807024571457242,4.0
motion_yaw,gru,gru_hidden_256_layers_2,/workspaces/nuscenes_trajectory_demo/outputs/results_motion_yaw/gru/gru_horizon_errors.csv,err_4p5s,1.2828868092656194,4.5
motion_yaw,gru,gru_hidden_256_layers_2,/workspaces/nuscenes_trajectory_demo/outputs/results_motion_yaw/gru/gru_horizon_errors.csv,err_5p0s,1.4983831271198471,5.0
motion_yaw,gru,gru_hidden_256_layers_2,/workspaces/nuscenes_trajectory_demo/outputs/results_motion_yaw/gru/gru_horizon_errors.csv,err_5p5s,1.733541425838749,5.5
motion_yaw,gru,gru_hidden_256_layers_2,/workspaces/nuscenes_trajectory_demo/outputs/results_motion_yaw/gru/gru_horizon_errors.csv,err_6p0s,1.996961329701166,6.0
motion_yaw,gru,gru_hidden_256_layers_3,/workspaces/nuscenes_trajectory_demo/outputs/results_motion_yaw/gru/gru_horizon_errors.csv,err_0p5s,0.1260419108087014,0.5
motion_yaw,gru,gru_hidden_256_layers_3,/workspaces/nuscenes_trajectory_demo/outputs/results_motion_yaw/gru/gru_horizon_errors.csv,err_1p0s,0.246132297526029,1.0
motion_yaw,gru,gru_hidden_256_layers_3,/workspaces/nuscenes_trajectory_demo/outputs/results_motion_yaw/gru/gru_horizon_errors.csv,err_1p5s,0.3559665507322775,1.5
motion_yaw,gru,gru_hidden_256_layers_3,/workspaces/nuscenes_trajectory_demo/outputs/results_motion_yaw/gru/gru_horizon_errors.csv,err_2p0s,0.4835492187619159,2.0
motion_yaw,gru,gru_hidden_256_layers_3,/workspaces/nuscenes_trajectory_demo/outputs/results_motion_yaw/gru/gru_horizon_errors.csv,err_2p5s,0.6271191112993454,2.5
motion_yaw,gru,gru_hidden_256_layers_3,/workspaces/nuscenes_trajectory_demo/outputs/results_motion_yaw/gru/gru_horizon_errors.csv,err_3p0s,0.792407148561324,3.0
motion_yaw,gru,gru_hidden_256_layers_3,/workspaces/nuscenes_trajectory_demo/outputs/results_motion_yaw/gru/gru_horizon_errors.csv,err_3p5s,0.9676158283651932,3.5
motion_yaw,gru,gru_hidden_256_layers_3,/workspaces/nuscenes_trajectory_demo/outputs/results_motion_yaw/gru/gru_horizon_errors.csv,err_4p0s,1.1549119526316645,4.0
motion_yaw,gru,gru_hidden_256_layers_3,/workspaces/nuscenes_trajectory_demo/outputs/results_motion_yaw/gru/gru_horizon_errors.csv,err_4p5s,1.37292624467624,4.5
motion_yaw,gru,gru_hidden_256_layers_3,/workspaces/nuscenes_trajectory_demo/outputs/results_motion_yaw/gru/gru_horizon_errors.csv,err_5p0s,1.5986676246075977,5.0
motion_yaw,gru,gru_hidden_256_layers_3,/workspaces/nuscenes_trajectory_demo/outputs/results_motion_yaw/gru/gru_horizon_errors.csv,err_5p5s,1.8379017355817435,5.5
motion_yaw,gru,gru_hidden_256_layers_3,/workspaces/nuscenes_trajectory_demo/outputs/results_motion_yaw/gru/gru_horizon_errors.csv,err_6p0s,2.0930831980923275,6.0
motion_yaw,gru,gru_hidden_64_layers_1,/workspaces/nuscenes_trajectory_demo/outputs/results_motion_yaw/gru/gru_horizon_errors.csv,err_0p5s,0.1250173754332618,0.5
motion_yaw,gru,gru_hidden_64_layers_1,/workspaces/nuscenes_trajectory_demo/outputs/results_motion_yaw/gru/gru_horizon_errors.csv,err_1p0s,0.2480819820954242,1.0
motion_yaw,gru,gru_hidden_64_layers_1,/workspaces/nuscenes_trajectory_demo/outputs/results_motion_yaw/gru/gru_horizon_errors.csv,err_1p5s,0.376751861970578,1.5
motion_yaw,gru,gru_hidden_64_layers_1,/workspaces/nuscenes_trajectory_demo/outputs/results_motion_yaw/gru/gru_horizon_errors.csv,err_2p0s,0.5267249079333851,2.0
motion_yaw,gru,gru_hidden_64_layers_1,/workspaces/nuscenes_trajectory_demo/outputs/results_motion_yaw/gru/gru_horizon_errors.csv,err_2p5s,0.6990839165656243,2.5
motion_yaw,gru,gru_hidden_64_layers_1,/workspaces/nuscenes_trajectory_demo/outputs/results_motion_yaw/gru/gru_horizon_errors.csv,err_3p0s,0.8858238242464722,3.0
motion_yaw,gru,gru_hidden_64_layers_1,/workspaces/nuscenes_trajectory_demo/outputs/results_motion_yaw/gru/gru_horizon_errors.csv,err_3p5s,1.0865083743281667,3.5
motion_yaw,gru,gru_hidden_64_layers_1,/workspaces/nuscenes_trajectory_demo/outputs/results_motion_yaw/gru/gru_horizon_errors.csv,err_4p0s,1.2996132589583298,4.0
motion_yaw,gru,gru_hidden_64_layers_1,/workspaces/nuscenes_trajectory_demo/outputs/results_motion_yaw/gru/gru_horizon_errors.csv,err_4p5s,1.5343466058118131,4.5
motion_yaw,gru,gru_hidden_64_layers_1,/workspaces/nuscenes_trajectory_demo/outputs/results_motion_yaw/gru/gru_horizon_errors.csv,err_5p0s,1.7927833620315967,5.0
motion_yaw,gru,gru_hidden_64_layers_1,/workspaces/nuscenes_trajectory_demo/outputs/results_motion_yaw/gru/gru_horizon_errors.csv,err_5p5s,2.07387495465148,5.5
motion_yaw,gru,gru_hidden_64_layers_1,/workspaces/nuscenes_trajectory_demo/outputs/results_motion_yaw/gru/gru_horizon_errors.csv,err_6p0s,2.3754121004074644,6.0
motion_yaw,linear_regression,linear_regression,/workspaces/nuscenes_trajectory_demo/outputs/results_motion_yaw/linear_regression/linear_regression_horizon_errors.csv,err_0p5s,0.0864957969742218,0.5
motion_yaw,linear_regression,linear_regression,/workspaces/nuscenes_trajectory_demo/outputs/results_motion_yaw/linear_regression/linear_regression_horizon_errors.csv,err_1p0s,0.1978176871074207,1.0
motion_yaw,linear_regression,linear_regression,/workspaces/nuscenes_trajectory_demo/outputs/results_motion_yaw/linear_regression/linear_regression_horizon_errors.csv,err_1p5s,0.3377460088714459,1.5
motion_yaw,linear_regression,linear_regression,/workspaces/nuscenes_trajectory_demo/outputs/results_motion_yaw/linear_regression/linear_regression_horizon_errors.csv,err_2p0s,0.4959986476050372,2.0
motion_yaw,linear_regression,linear_regression,/workspaces/nuscenes_trajectory_demo/outputs/results_motion_yaw/linear_regression/linear_regression_horizon_errors.csv,err_2p5s,0.6823496397132245,2.5
motion_yaw,linear_regression,linear_regression,/workspaces/nuscenes_trajectory_demo/outputs/results_motion_yaw/linear_regression/linear_regression_horizon_errors.csv,err_3p0s,0.8917836084901037,3.0
motion_yaw,linear_regression,linear_regression,/workspaces/nuscenes_trajectory_demo/outputs/results_motion_yaw/linear_regression/linear_regression_horizon_errors.csv,err_3p5s,1.123012233546681,3.5
motion_yaw,linear_regression,linear_regression,/workspaces/nuscenes_trajectory_demo/outputs/results_motion_yaw/linear_regression/linear_regression_horizon_errors.csv,err_4p0s,1.3762279004652307,4.0
motion_yaw,linear_regression,linear_regression,/workspaces/nuscenes_trajectory_demo/outputs/results_motion_yaw/linear_regression/linear_regression_horizon_errors.csv,err_4p5s,1.660602783155892,4.5
motion_yaw,linear_regression,linear_regression,/workspaces/nuscenes_trajectory_demo/outputs/results_motion_yaw/linear_regression/linear_regression_horizon_errors.csv,err_5p0s,1.9600851192788635,5.0
motion_yaw,linear_regression,linear_regression,/workspaces/nuscenes_trajectory_demo/outputs/results_motion_yaw/linear_regression/linear_regression_horizon_errors.csv,err_5p5s,2.273519187734399,5.5
motion_yaw,linear_regression,linear_regression,/workspaces/nuscenes_trajectory_demo/outputs/results_motion_yaw/linear_regression/linear_regression_horizon_errors.csv,err_6p0s,2.6140753069088203,6.0
motion_yaw,linear_regression,ridge_regression,/workspaces/nuscenes_trajectory_demo/outputs/results_motion_yaw/linear_regression/linear_regression_horizon_errors.csv,err_0p5s,0.0863820584908849,0.5
motion_yaw,linear_regression,ridge_regression,/workspaces/nuscenes_trajectory_demo/outputs/results_motion_yaw/linear_regression/linear_regression_horizon_errors.csv,err_1p0s,0.1988760991829291,1.0
motion_yaw,linear_regression,ridge_regression,/workspaces/nuscenes_trajectory_demo/outputs/results_motion_yaw/linear_regression/linear_regression_horizon_errors.csv,err_1p5s,0.3391677516238732,1.5
motion_yaw,linear_regression,ridge_regression,/workspaces/nuscenes_trajectory_demo/outputs/results_motion_yaw/linear_regression/linear_regression_horizon_errors.csv,err_2p0s,0.4993969582435305,2.0
motion_yaw,linear_regression,ridge_regression,/workspaces/nuscenes_trajectory_demo/outputs/results_motion_yaw/linear_regression/linear_regression_horizon_errors.csv,err_2p5s,0.6879370753459543,2.5
motion_yaw,linear_regression,ridge_regression,/workspaces/nuscenes_trajectory_demo/outputs/results_motion_yaw/linear_regression/linear_regression_horizon_errors.csv,err_3p0s,0.8984045122765978,3.0
motion_yaw,linear_regression,ridge_regression,/workspaces/nuscenes_trajectory_demo/outputs/results_motion_yaw/linear_regression/linear_regression_horizon_errors.csv,err_3p5s,1.1315014104290062,3.5
motion_yaw,linear_regression,ridge_regression,/workspaces/nuscenes_trajectory_demo/outputs/results_motion_yaw/linear_regression/linear_regression_horizon_errors.csv,err_4p0s,1.386628345525506,4.0
motion_yaw,linear_regression,ridge_regression,/workspaces/nuscenes_trajectory_demo/outputs/results_motion_yaw/linear_regression/linear_regression_horizon_errors.csv,err_4p5s,1.6740952915120446,4.5
motion_yaw,linear_regression,ridge_regression,/workspaces/nuscenes_trajectory_demo/outputs/results_motion_yaw/linear_regression/linear_regression_horizon_errors.csv,err_5p0s,1.977210057651973,5.0
motion_yaw,linear_regression,ridge_regression,/workspaces/nuscenes_trajectory_demo/outputs/results_motion_yaw/linear_regression/linear_regression_horizon_errors.csv,err_5p5s,2.293566473705472,5.5
motion_yaw,linear_regression,ridge_regression,/workspaces/nuscenes_trajectory_demo/outputs/results_motion_yaw/linear_regression/linear_regression_horizon_errors.csv,err_6p0s,2.637188413820695,6.0
motion_yaw,lstm,lstm_hidden_128_layers_1,/workspaces/nuscenes_trajectory_demo/outputs/results_motion_yaw/lstm/lstm_horizon_errors.csv,err_0p5s,0.1200904002215049,0.5
motion_yaw,lstm,lstm_hidden_128_layers_1,/workspaces/nuscenes_trajectory_demo/outputs/results_motion_yaw/lstm/lstm_horizon_errors.csv,err_1p0s,0.2270554436118717,1.0
motion_yaw,lstm,lstm_hidden_128_layers_1,/workspaces/nuscenes_trajectory_demo/outputs/results_motion_yaw/lstm/lstm_horizon_errors.csv,err_1p5s,0.3546967318616225,1.5
motion_yaw,lstm,lstm_hidden_128_layers_1,/workspaces/nuscenes_trajectory_demo/outputs/results_motion_yaw/lstm/lstm_horizon_errors.csv,err_2p0s,0.4878497202923675,2.0
motion_yaw,lstm,lstm_hidden_128_layers_1,/workspaces/nuscenes_trajectory_demo/outputs/results_motion_yaw/lstm/lstm_horizon_errors.csv,err_2p5s,0.6361540407908085,2.5
motion_yaw,lstm,lstm_hidden_128_layers_1,/workspaces/nuscenes_trajectory_demo/outputs/results_motion_yaw/lstm/lstm_horizon_errors.csv,err_3p0s,0.797306061967323,3.0
motion_yaw,lstm,lstm_hidden_128_layers_1,/workspaces/nuscenes_trajectory_demo/outputs/results_motion_yaw/lstm/lstm_horizon_errors.csv,err_3p5s,0.965924535594571,3.5
motion_yaw,lstm,lstm_hidden_128_layers_1,/workspaces/nuscenes_trajectory_demo/outputs/results_motion_yaw/lstm/lstm_horizon_errors.csv,err_4p0s,1.1514558607595973,4.0
motion_yaw,lstm,lstm_hidden_128_layers_1,/workspaces/nuscenes_trajectory_demo/outputs/results_motion_yaw/lstm/lstm_horizon_errors.csv,err_4p5s,1.3634264809264671,4.5
motion_yaw,lstm,lstm_hidden_128_layers_1,/workspaces/nuscenes_trajectory_demo/outputs/results_motion_yaw/lstm/lstm_horizon_errors.csv,err_5p0s,1.581951834146325,5.0
motion_yaw,lstm,lstm_hidden_128_layers_1,/workspaces/nuscenes_trajectory_demo/outputs/results_motion_yaw/lstm/lstm_horizon_errors.csv,err_5p5s,1.830319987520025,5.5
motion_yaw,lstm,lstm_hidden_128_layers_1,/workspaces/nuscenes_trajectory_demo/outputs/results_motion_yaw/lstm/lstm_horizon_errors.csv,err_6p0s,2.1070375389191955,6.0
motion_yaw,lstm,lstm_hidden_128_layers_2,/workspaces/nuscenes_trajectory_demo/outputs/results_motion_yaw/lstm/lstm_horizon_errors.csv,err_0p5s,0.1243887425824099,0.5
motion_yaw,lstm,lstm_hidden_128_layers_2,/workspaces/nuscenes_trajectory_demo/outputs/results_motion_yaw/lstm/lstm_horizon_errors.csv,err_1p0s,0.2315285457814918,1.0
motion_yaw,lstm,lstm_hidden_128_layers_2,/workspaces/nuscenes_trajectory_demo/outputs/results_motion_yaw/lstm/lstm_horizon_errors.csv,err_1p5s,0.3544970739732724,1.5
motion_yaw,lstm,lstm_hidden_128_layers_2,/workspaces/nuscenes_trajectory_demo/outputs/results_motion_yaw/lstm/lstm_horizon_errors.csv,err_2p0s,0.488592141271676,2.0
motion_yaw,lstm,lstm_hidden_128_layers_2,/workspaces/nuscenes_trajectory_demo/outputs/results_motion_yaw/lstm/lstm_horizon_errors.csv,err_2p5s,0.6322797822017905,2.5
motion_yaw,lstm,lstm_hidden_128_layers_2,/workspaces/nuscenes_trajectory_demo/outputs/results_motion_yaw/lstm/lstm_horizon_errors.csv,err_3p0s,0.7826993349021492,3.0
motion_yaw,lstm,lstm_hidden_128_layers_2,/workspaces/nuscenes_trajectory_demo/outputs/results_motion_yaw/lstm/lstm_horizon_errors.csv,err_3p5s,0.9421723997177402,3.5
motion_yaw,lstm,lstm_hidden_128_layers_2,/workspaces/nuscenes_trajectory_demo/outputs/results_motion_yaw/lstm/lstm_horizon_errors.csv,err_4p0s,1.120328705017693,4.0
motion_yaw,lstm,lstm_hidden_128_layers_2,/workspaces/nuscenes_trajectory_demo/outputs/results_motion_yaw/lstm/lstm_horizon_errors.csv,err_4p5s,1.3160297474731288,4.5
motion_yaw,lstm,lstm_hidden_128_layers_2,/workspaces/nuscenes_trajectory_demo/outputs/results_motion_yaw/lstm/lstm_horizon_errors.csv,err_5p0s,1.529085803246496,5.0
motion_yaw,lstm,lstm_hidden_128_layers_2,/workspaces/nuscenes_trajectory_demo/outputs/results_motion_yaw/lstm/lstm_horizon_errors.csv,err_5p5s,1.7569823052048874,5.5
motion_yaw,lstm,lstm_hidden_128_layers_2,/workspaces/nuscenes_trajectory_demo/outputs/results_motion_yaw/lstm/lstm_horizon_errors.csv,err_6p0s,2.014127468019565,6.0
motion_yaw,lstm,lstm_hidden_128_layers_3,/workspaces/nuscenes_trajectory_demo/outputs/results_motion_yaw/lstm/lstm_horizon_errors.csv,err_0p5s,0.1183983538495257,0.5
motion_yaw,lstm,lstm_hidden_128_layers_3,/workspaces/nuscenes_trajectory_demo/outputs/results_motion_yaw/lstm/lstm_horizon_errors.csv,err_1p0s,0.2206915584882319,1.0
motion_yaw,lstm,lstm_hidden_128_layers_3,/workspaces/nuscenes_trajectory_demo/outputs/results_motion_yaw/lstm/lstm_horizon_errors.csv,err_1p5s,0.3479446707159778,1.5
motion_yaw,lstm,lstm_hidden_128_layers_3,/workspaces/nuscenes_trajectory_demo/outputs/results_motion_yaw/lstm/lstm_horizon_errors.csv,err_2p0s,0.4847997403184391,2.0
motion_yaw,lstm,lstm_hidden_128_layers_3,/workspaces/nuscenes_trajectory_demo/outputs/results_motion_yaw/lstm/lstm_horizon_errors.csv,err_2p5s,0.6395968944988536,2.5
motion_yaw,lstm,lstm_hidden_128_layers_3,/workspaces/nuscenes_trajectory_demo/outputs/results_motion_yaw/lstm/lstm_horizon_errors.csv,err_3p0s,0.7958343569705242,3.0
motion_yaw,lstm,lstm_hidden_128_layers_3,/workspaces/nuscenes_trajectory_demo/outputs/results_motion_yaw/lstm/lstm_horizon_errors.csv,err_3p5s,0.9619931367236528,3.5
motion_yaw,lstm,lstm_hidden_128_layers_3,/workspaces/nuscenes_trajectory_demo/outputs/results_motion_yaw/lstm/lstm_horizon_errors.csv,err_4p0s,1.1493557426927674,4.0
motion_yaw,lstm,lstm_hidden_128_layers_3,/workspaces/nuscenes_trajectory_demo/outputs/results_motion_yaw/lstm/lstm_horizon_errors.csv,err_4p5s,1.3524738385061603,4.5
motion_yaw,lstm,lstm_hidden_128_layers_3,/workspaces/nuscenes_trajectory_demo/outputs/results_motion_yaw/lstm/lstm_horizon_errors.csv,err_5p0s,1.5613746410037328,5.0
motion_yaw,lstm,lstm_hidden_128_layers_3,/workspaces/nuscenes_trajectory_demo/outputs/results_motion_yaw/lstm/lstm_horizon_errors.csv,err_5p5s,1.8107139925890476,5.5
motion_yaw,lstm,lstm_hidden_128_layers_3,/workspaces/nuscenes_trajectory_demo/outputs/results_motion_yaw/lstm/lstm_horizon_errors.csv,err_6p0s,2.06665666141833,6.0
motion_yaw,lstm,lstm_hidden_256_layers_1,/workspaces/nuscenes_trajectory_demo/outputs/results_motion_yaw/lstm/lstm_horizon_errors.csv,err_0p5s,0.1158092957557528,0.5
motion_yaw,lstm,lstm_hidden_256_layers_1,/workspaces/nuscenes_trajectory_demo/outputs/results_motion_yaw/lstm/lstm_horizon_errors.csv,err_1p0s,0.2299318374438867,1.0
motion_yaw,lstm,lstm_hidden_256_layers_1,/workspaces/nuscenes_trajectory_demo/outputs/results_motion_yaw/lstm/lstm_horizon_errors.csv,err_1p5s,0.3650608978482937,1.5
motion_yaw,lstm,lstm_hidden_256_layers_1,/workspaces/nuscenes_trajectory_demo/outputs/results_motion_yaw/lstm/lstm_horizon_errors.csv,err_2p0s,0.5079764875144147,2.0
motion_yaw,lstm,lstm_hidden_256_layers_1,/workspaces/nuscenes_trajectory_demo/outputs/results_motion_yaw/lstm/lstm_horizon_errors.csv,err_2p5s,0.6652552752877289,2.5
motion_yaw,lstm,lstm_hidden_256_layers_1,/workspaces/nuscenes_trajectory_demo/outputs/results_motion_yaw/lstm/lstm_horizon_errors.csv,err_3p0s,0.8352700385750557,3.0
motion_yaw,lstm,lstm_hidden_256_layers_1,/workspaces/nuscenes_trajectory_demo/outputs/results_motion_yaw/lstm/lstm_horizon_errors.csv,err_3p5s,1.011263846022881,3.5
motion_yaw,lstm,lstm_hidden_256_layers_1,/workspaces/nuscenes_trajectory_demo/outputs/results_motion_yaw/lstm/lstm_horizon_errors.csv,err_4p0s,1.1993836915591436,4.0
motion_yaw,lstm,lstm_hidden_256_layers_1,/workspaces/nuscenes_trajectory_demo/outputs/results_motion_yaw/lstm/lstm_horizon_errors.csv,err_4p5s,1.4100717882280482,4.5
motion_yaw,lstm,lstm_hidden_256_layers_1,/workspaces/nuscenes_trajectory_demo/outputs/results_motion_yaw/lstm/lstm_horizon_errors.csv,err_5p0s,1.640739488978976,5.0
motion_yaw,lstm,lstm_hidden_256_layers_1,/workspaces/nuscenes_trajectory_demo/outputs/results_motion_yaw/lstm/lstm_horizon_errors.csv,err_5p5s,1.897061085569228,5.5
motion_yaw,lstm,lstm_hidden_256_layers_1,/workspaces/nuscenes_trajectory_demo/outputs/results_motion_yaw/lstm/lstm_horizon_errors.csv,err_6p0s,2.179750676076351,6.0
motion_yaw,lstm,lstm_hidden_256_layers_2,/workspaces/nuscenes_trajectory_demo/outputs/results_motion_yaw/lstm/lstm_horizon_errors.csv,err_0p5s,0.1205240302645258,0.5
motion_yaw,lstm,lstm_hidden_256_layers_2,/workspaces/nuscenes_trajectory_demo/outputs/results_motion_yaw/lstm/lstm_horizon_errors.csv,err_1p0s,0.2277213123500339,1.0
motion_yaw,lstm,lstm_hidden_256_layers_2,/workspaces/nuscenes_trajectory_demo/outputs/results_motion_yaw/lstm/lstm_horizon_errors.csv,err_1p5s,0.3563518458289433,1.5
motion_yaw,lstm,lstm_hidden_256_layers_2,/workspaces/nuscenes_trajectory_demo/outputs/results_motion_yaw/lstm/lstm_horizon_errors.csv,err_2p0s,0.4959075369717373,2.0
motion_yaw,lstm,lstm_hidden_256_layers_2,/workspaces/nuscenes_trajectory_demo/outputs/results_motion_yaw/lstm/lstm_horizon_errors.csv,err_2p5s,0.6449497400085833,2.5
motion_yaw,lstm,lstm_hidden_256_layers_2,/workspaces/nuscenes_trajectory_demo/outputs/results_motion_yaw/lstm/lstm_horizon_errors.csv,err_3p0s,0.8085887046545395,3.0
motion_yaw,lstm,lstm_hidden_256_layers_2,/workspaces/nuscenes_trajectory_demo/outputs/results_motion_yaw/lstm/lstm_horizon_errors.csv,err_3p5s,0.9775536706755784,3.5
motion_yaw,lstm,lstm_hidden_256_layers_2,/workspaces/nuscenes_trajectory_demo/outputs/results_motion_yaw/lstm/lstm_horizon_errors.csv,err_4p0s,1.158968595967797,4.0
motion_yaw,lstm,lstm_hidden_256_layers_2,/workspaces/nuscenes_trajectory_demo/outputs/results_motion_yaw/lstm/lstm_horizon_errors.csv,err_4p5s,1.3626793550528502,4.5
motion_yaw,lstm,lstm_hidden_256_layers_2,/workspaces/nuscenes_trajectory_demo/outputs/results_motion_yaw/lstm/lstm_horizon_errors.csv,err_5p0s,1.5833623012625715,5.0
motion_yaw,lstm,lstm_hidden_256_layers_2,/workspaces/nuscenes_trajectory_demo/outputs/results_motion_yaw/lstm/lstm_horizon_errors.csv,err_5p5s,1.827919697244149,5.5
motion_yaw,lstm,lstm_hidden_256_layers_2,/workspaces/nuscenes_trajectory_demo/outputs/results_motion_yaw/lstm/lstm_horizon_errors.csv,err_6p0s,2.093700306421273,6.0
motion_yaw,lstm,lstm_hidden_256_layers_3,/workspaces/nuscenes_trajectory_demo/outputs/results_motion_yaw/lstm/lstm_horizon_errors.csv,err_0p5s,0.1138348864765248,0.5
motion_yaw,lstm,lstm_hidden_256_layers_3,/workspaces/nuscenes_trajectory_demo/outputs/results_motion_yaw/lstm/lstm_horizon_errors.csv,err_1p0s,0.2172990515258458,1.0
motion_yaw,lstm,lstm_hidden_256_layers_3,/workspaces/nuscenes_trajectory_demo/outputs/results_motion_yaw/lstm/lstm_horizon_errors.csv,err_1p5s,0.3377086730367657,1.5
motion_yaw,lstm,lstm_hidden_256_layers_3,/workspaces/nuscenes_trajectory_demo/outputs/results_motion_yaw/lstm/lstm_horizon_errors.csv,err_2p0s,0.4754567569490808,2.0
motion_yaw,lstm,lstm_hidden_256_layers_3,/workspaces/nuscenes_trajectory_demo/outputs/results_motion_yaw/lstm/lstm_horizon_errors.csv,err_2p5s,0.6284315955900556,2.5
motion_yaw,lstm,lstm_hidden_256_layers_3,/workspaces/nuscenes_trajectory_demo/outputs/results_motion_yaw/lstm/lstm_horizon_errors.csv,err_3p0s,0.7995959512098291,3.0
motion_yaw,lstm,lstm_hidden_256_layers_3,/workspaces/nuscenes_trajectory_demo/outputs/results_motion_yaw/lstm/lstm_horizon_errors.csv,err_3p5s,0.9761091930992156,3.5
motion_yaw,lstm,lstm_hidden_256_layers_3,/workspaces/nuscenes_trajectory_demo/outputs/results_motion_yaw/lstm/lstm_horizon_errors.csv,err_4p0s,1.1659333569087638,4.0
motion_yaw,lstm,lstm_hidden_256_layers_3,/workspaces/nuscenes_trajectory_demo/outputs/results_motion_yaw/lstm/lstm_horizon_errors.csv,err_4p5s,1.3848873191428457,4.5
motion_yaw,lstm,lstm_hidden_256_layers_3,/workspaces/nuscenes_trajectory_demo/outputs/results_motion_yaw/lstm/lstm_horizon_errors.csv,err_5p0s,1.600725838479279,5.0
motion_yaw,lstm,lstm_hidden_256_layers_3,/workspaces/nuscenes_trajectory_demo/outputs/results_motion_yaw/lstm/lstm_horizon_errors.csv,err_5p5s,1.8443444376925155,5.5
motion_yaw,lstm,lstm_hidden_256_layers_3,/workspaces/nuscenes_trajectory_demo/outputs/results_motion_yaw/lstm/lstm_horizon_errors.csv,err_6p0s,2.1060895979945515,6.0
motion_yaw,lstm,lstm_hidden_64_layers_1,/workspaces/nuscenes_trajectory_demo/outputs/results_motion_yaw/lstm/lstm_horizon_errors.csv,err_0p5s,0.1305148608783962,0.5
motion_yaw,lstm,lstm_hidden_64_layers_1,/workspaces/nuscenes_trajectory_demo/outputs/results_motion_yaw/lstm/lstm_horizon_errors.csv,err_1p0s,0.2506813658126868,1.0
motion_yaw,lstm,lstm_hidden_64_layers_1,/workspaces/nuscenes_trajectory_demo/outputs/results_motion_yaw/lstm/lstm_horizon_errors.csv,err_1p5s,0.3759977834620672,1.5
motion_yaw,lstm,lstm_hidden_64_layers_1,/workspaces/nuscenes_trajectory_demo/outputs/results_motion_yaw/lstm/lstm_horizon_errors.csv,err_2p0s,0.5097044899706485,2.0
motion_yaw,lstm,lstm_hidden_64_layers_1,/workspaces/nuscenes_trajectory_demo/outputs/results_motion_yaw/lstm/lstm_horizon_errors.csv,err_2p5s,0.6617343428978611,2.5
motion_yaw,lstm,lstm_hidden_64_layers_1,/workspaces/nuscenes_trajectory_demo/outputs/results_motion_yaw/lstm/lstm_horizon_errors.csv,err_3p0s,0.8303213448499182,3.0
motion_yaw,lstm,lstm_hidden_64_layers_1,/workspaces/nuscenes_trajectory_demo/outputs/results_motion_yaw/lstm/lstm_horizon_errors.csv,err_3p5s,0.9948889518464884,3.5
motion_yaw,lstm,lstm_hidden_64_layers_1,/workspaces/nuscenes_trajectory_demo/outputs/results_motion_yaw/lstm/lstm_horizon_errors.csv,err_4p0s,1.1788865104286246,4.0
motion_yaw,lstm,lstm_hidden_64_layers_1,/workspaces/nuscenes_trajectory_demo/outputs/results_motion_yaw/lstm/lstm_horizon_errors.csv,err_4p5s,1.3932738605432282,4.5
motion_yaw,lstm,lstm_hidden_64_layers_1,/workspaces/nuscenes_trajectory_demo/outputs/results_motion_yaw/lstm/lstm_horizon_errors.csv,err_5p0s,1.6111006158713612,5.0
motion_yaw,lstm,lstm_hidden_64_layers_1,/workspaces/nuscenes_trajectory_demo/outputs/results_motion_yaw/lstm/lstm_horizon_errors.csv,err_5p5s,1.863359300104176,5.5
motion_yaw,lstm,lstm_hidden_64_layers_1,/workspaces/nuscenes_trajectory_demo/outputs/results_motion_yaw/lstm/lstm_horizon_errors.csv,err_6p0s,2.143886516796721,6.0
motion_yaw,mlp,mlp_hidden_128,/workspaces/nuscenes_trajectory_demo/outputs/results_motion_yaw/mlp/mlp_horizon_errors.csv,err_0p5s,0.1352324106509596,0.5
motion_yaw,mlp,mlp_hidden_128,/workspaces/nuscenes_trajectory_demo/outputs/results_motion_yaw/mlp/mlp_horizon_errors.csv,err_1p0s,0.2960965236346634,1.0
motion_yaw,mlp,mlp_hidden_128,/workspaces/nuscenes_trajectory_demo/outputs/results_motion_yaw/mlp/mlp_horizon_errors.csv,err_1p5s,0.4130275736328754,1.5
motion_yaw,mlp,mlp_hidden_128,/workspaces/nuscenes_trajectory_demo/outputs/results_motion_yaw/mlp/mlp_horizon_errors.csv,err_2p0s,0.6552146087329178,2.0
motion_yaw,mlp,mlp_hidden_128,/workspaces/nuscenes_trajectory_demo/outputs/results_motion_yaw/mlp/mlp_horizon_errors.csv,err_2p5s,0.8457789298680093,2.5
motion_yaw,mlp,mlp_hidden_128,/workspaces/nuscenes_trajectory_demo/outputs/results_motion_yaw/mlp/mlp_horizon_errors.csv,err_3p0s,1.065261497422894,3.0
motion_yaw,mlp,mlp_hidden_128,/workspaces/nuscenes_trajectory_demo/outputs/results_motion_yaw/mlp/mlp_horizon_errors.csv,err_3p5s,1.2425942754171873,3.5
motion_yaw,mlp,mlp_hidden_128,/workspaces/nuscenes_trajectory_demo/outputs/results_motion_yaw/mlp/mlp_horizon_errors.csv,err_4p0s,1.5373059996186798,4.0
motion_yaw,mlp,mlp_hidden_128,/workspaces/nuscenes_trajectory_demo/outputs/results_motion_yaw/mlp/mlp_horizon_errors.csv,err_4p5s,1.7920512650823432,4.5
motion_yaw,mlp,mlp_hidden_128,/workspaces/nuscenes_trajectory_demo/outputs/results_motion_yaw/mlp/mlp_horizon_errors.csv,err_5p0s,2.131110732975437,5.0
motion_yaw,mlp,mlp_hidden_128,/workspaces/nuscenes_trajectory_demo/outputs/results_motion_yaw/mlp/mlp_horizon_errors.csv,err_5p5s,2.430123907478198,5.5
motion_yaw,mlp,mlp_hidden_128,/workspaces/nuscenes_trajectory_demo/outputs/results_motion_yaw/mlp/mlp_horizon_errors.csv,err_6p0s,2.7903381974663883,6.0
motion_yaw,mlp,mlp_hidden_256,/workspaces/nuscenes_trajectory_demo/outputs/results_motion_yaw/mlp/mlp_horizon_errors.csv,err_0p5s,0.1285504912239875,0.5
motion_yaw,mlp,mlp_hidden_256,/workspaces/nuscenes_trajectory_demo/outputs/results_motion_yaw/mlp/mlp_horizon_errors.csv,err_1p0s,0.2508991782722825,1.0
motion_yaw,mlp,mlp_hidden_256,/workspaces/nuscenes_trajectory_demo/outputs/results_motion_yaw/mlp/mlp_horizon_errors.csv,err_1p5s,0.3817614562477419,1.5
motion_yaw,mlp,mlp_hidden_256,/workspaces/nuscenes_trajectory_demo/outputs/results_motion_yaw/mlp/mlp_horizon_errors.csv,err_2p0s,0.534367923206446,2.0
motion_yaw,mlp,mlp_hidden_256,/workspaces/nuscenes_trajectory_demo/outputs/results_motion_yaw/mlp/mlp_horizon_errors.csv,err_2p5s,0.7024446575537282,2.5
motion_yaw,mlp,mlp_hidden_256,/workspaces/nuscenes_trajectory_demo/outputs/results_motion_yaw/mlp/mlp_horizon_errors.csv,err_3p0s,0.8931540840269669,3.0
motion_yaw,mlp,mlp_hidden_256,/workspaces/nuscenes_trajectory_demo/outputs/results_motion_yaw/mlp/mlp_horizon_errors.csv,err_3p5s,1.1124482023032298,3.5
motion_yaw,mlp,mlp_hidden_256,/workspaces/nuscenes_trajectory_demo/outputs/results_motion_yaw/mlp/mlp_horizon_errors.csv,err_4p0s,1.3247087067442904,4.0
motion_yaw,mlp,mlp_hidden_256,/workspaces/nuscenes_trajectory_demo/outputs/results_motion_yaw/mlp/mlp_horizon_errors.csv,err_4p5s,1.5653948967923166,4.5
motion_yaw,mlp,mlp_hidden_256,/workspaces/nuscenes_trajectory_demo/outputs/results_motion_yaw/mlp/mlp_horizon_errors.csv,err_5p0s,1.8518048429699443,5.0
motion_yaw,mlp,mlp_hidden_256,/workspaces/nuscenes_trajectory_demo/outputs/results_motion_yaw/mlp/mlp_horizon_errors.csv,err_5p5s,2.1486334503305526,5.5
motion_yaw,mlp,mlp_hidden_256,/workspaces/nuscenes_trajectory_demo/outputs/results_motion_yaw/mlp/mlp_horizon_errors.csv,err_6p0s,2.459175159151941,6.0
motion_yaw,mlp,mlp_hidden_64,/workspaces/nuscenes_trajectory_demo/outputs/results_motion_yaw/mlp/mlp_horizon_errors.csv,err_0p5s,0.1495927649759158,0.5
motion_yaw,mlp,mlp_hidden_64,/workspaces/nuscenes_trajectory_demo/outputs/results_motion_yaw/mlp/mlp_horizon_errors.csv,err_1p0s,0.3333918836449976,1.0
motion_yaw,mlp,mlp_hidden_64,/workspaces/nuscenes_trajectory_demo/outputs/results_motion_yaw/mlp/mlp_horizon_errors.csv,err_1p5s,0.5132773755269061,1.5
motion_yaw,mlp,mlp_hidden_64,/workspaces/nuscenes_trajectory_demo/outputs/results_motion_yaw/mlp/mlp_horizon_errors.csv,err_2p0s,0.7214344247000885,2.0
motion_yaw,mlp,mlp_hidden_64,/workspaces/nuscenes_trajectory_demo/outputs/results_motion_yaw/mlp/mlp_horizon_errors.csv,err_2p5s,0.9085172165809624,2.5
motion_yaw,mlp,mlp_hidden_64,/workspaces/nuscenes_trajectory_demo/outputs/results_motion_yaw/mlp/mlp_horizon_errors.csv,err_3p0s,1.187655521826607,3.0
motion_yaw,mlp,mlp_hidden_64,/workspaces/nuscenes_trajectory_demo/outputs/results_motion_yaw/mlp/mlp_horizon_errors.csv,err_3p5s,1.406243176290776,3.5
motion_yaw,mlp,mlp_hidden_64,/workspaces/nuscenes_trajectory_demo/outputs/results_motion_yaw/mlp/mlp_horizon_errors.csv,err_4p0s,1.583733498659223,4.0
motion_yaw,mlp,mlp_hidden_64,/workspaces/nuscenes_trajectory_demo/outputs/results_motion_yaw/mlp/mlp_horizon_errors.csv,err_4p5s,2.0636817835250194,4.5
motion_yaw,mlp,mlp_hidden_64,/workspaces/nuscenes_trajectory_demo/outputs/results_motion_yaw/mlp/mlp_horizon_errors.csv,err_5p0s,2.2896479309261357,5.0
motion_yaw,mlp,mlp_hidden_64,/workspaces/nuscenes_trajectory_demo/outputs/results_motion_yaw/mlp/mlp_horizon_errors.csv,err_5p5s,2.6876439438095656,5.5
motion_yaw,mlp,mlp_hidden_64,/workspaces/nuscenes_trajectory_demo/outputs/results_motion_yaw/mlp/mlp_horizon_errors.csv,err_6p0s,2.912236715140435,6.0
motion_yaw,transformer,transformer_d128_heads_4_layers_1_ff_256_lr_0p0003,/workspaces/nuscenes_trajectory_demo/outputs/results_motion_yaw/transformer/transformer_horizon_errors.csv,err_0p5s,0.1552996550923456,0.5
motion_yaw,transformer,transformer_d128_heads_4_layers_1_ff_256_lr_0p0003,/workspaces/nuscenes_trajectory_demo/outputs/results_motion_yaw/transformer/transformer_horizon_errors.csv,err_1p0s,0.2790967606858678,1.0
motion_yaw,transformer,transformer_d128_heads_4_layers_1_ff_256_lr_0p0003,/workspaces/nuscenes_trajectory_demo/outputs/results_motion_yaw/transformer/transformer_horizon_errors.csv,err_1p5s,0.414360574682095,1.5
motion_yaw,transformer,transformer_d128_heads_4_layers_1_ff_256_lr_0p0003,/workspaces/nuscenes_trajectory_demo/outputs/results_motion_yaw/transformer/transformer_horizon_errors.csv,err_2p0s,0.558295112637676,2.0
motion_yaw,transformer,transformer_d128_heads_4_layers_1_ff_256_lr_0p0003,/workspaces/nuscenes_trajectory_demo/outputs/results_motion_yaw/transformer/transformer_horizon_errors.csv,err_2p5s,0.7197864094910487,2.5
motion_yaw,transformer,transformer_d128_heads_4_layers_1_ff_256_lr_0p0003,/workspaces/nuscenes_trajectory_demo/outputs/results_motion_yaw/transformer/transformer_horizon_errors.csv,err_3p0s,0.881770300743731,3.0
motion_yaw,transformer,transformer_d128_heads_4_layers_1_ff_256_lr_0p0003,/workspaces/nuscenes_trajectory_demo/outputs/results_motion_yaw/transformer/transformer_horizon_errors.csv,err_3p5s,1.06492551566308,3.5
motion_yaw,transformer,transformer_d128_heads_4_layers_1_ff_256_lr_0p0003,/workspaces/nuscenes_trajectory_demo/outputs/results_motion_yaw/transformer/transformer_horizon_errors.csv,err_4p0s,1.269226783001531,4.0
motion_yaw,transformer,transformer_d128_heads_4_layers_1_ff_256_lr_0p0003,/workspaces/nuscenes_trajectory_demo/outputs/results_motion_yaw/transformer/transformer_horizon_errors.csv,err_4p5s,1.4836253107625288,4.5
motion_yaw,transformer,transformer_d128_heads_4_layers_1_ff_256_lr_0p0003,/workspaces/nuscenes_trajectory_demo/outputs/results_motion_yaw/transformer/transformer_horizon_errors.csv,err_5p0s,1.7131882490840242,5.0
motion_yaw,transformer,transformer_d128_heads_4_layers_1_ff_256_lr_0p0003,/workspaces/nuscenes_trajectory_demo/outputs/results_motion_yaw/transformer/transformer_horizon_errors.csv,err_5p5s,1.967994632543361,5.5
motion_yaw,transformer,transformer_d128_heads_4_layers_1_ff_256_lr_0p0003,/workspaces/nuscenes_trajectory_demo/outputs/results_motion_yaw/transformer/transformer_horizon_errors.csv,err_6p0s,2.245441262399915,6.0
motion_yaw,transformer,transformer_d128_heads_4_layers_2_ff_256_lr_0p0003,/workspaces/nuscenes_trajectory_demo/outputs/results_motion_yaw/transformer/transformer_horizon_errors.csv,err_0p5s,0.1328229663178552,0.5
motion_yaw,transformer,transformer_d128_heads_4_layers_2_ff_256_lr_0p0003,/workspaces/nuscenes_trajectory_demo/outputs/results_motion_yaw/transformer/transformer_horizon_errors.csv,err_1p0s,0.2507013418364129,1.0
motion_yaw,transformer,transformer_d128_heads_4_layers_2_ff_256_lr_0p0003,/workspaces/nuscenes_trajectory_demo/outputs/results_motion_yaw/transformer/transformer_horizon_errors.csv,err_1p5s,0.3690276855858511,1.5
motion_yaw,transformer,transformer_d128_heads_4_layers_2_ff_256_lr_0p0003,/workspaces/nuscenes_trajectory_demo/outputs/results_motion_yaw/transformer/transformer_horizon_errors.csv,err_2p0s,0.5031217943664656,2.0
motion_yaw,transformer,transformer_d128_heads_4_layers_2_ff_256_lr_0p0003,/workspaces/nuscenes_trajectory_demo/outputs/results_motion_yaw/transformer/transformer_horizon_errors.csv,err_2p5s,0.6489282243082098,2.5
motion_yaw,transformer,transformer_d128_heads_4_layers_2_ff_256_lr_0p0003,/workspaces/nuscenes_trajectory_demo/outputs/results_motion_yaw/transformer/transformer_horizon_errors.csv,err_3p0s,0.8049991577814084,3.0
motion_yaw,transformer,transformer_d128_heads_4_layers_2_ff_256_lr_0p0003,/workspaces/nuscenes_trajectory_demo/outputs/results_motion_yaw/transformer/transformer_horizon_errors.csv,err_3p5s,0.9734081991996804,3.5
motion_yaw,transformer,transformer_d128_heads_4_layers_2_ff_256_lr_0p0003,/workspaces/nuscenes_trajectory_demo/outputs/results_motion_yaw/transformer/transformer_horizon_errors.csv,err_4p0s,1.1681781402601863,4.0
motion_yaw,transformer,transformer_d128_heads_4_layers_2_ff_256_lr_0p0003,/workspaces/nuscenes_trajectory_demo/outputs/results_motion_yaw/transformer/transformer_horizon_errors.csv,err_4p5s,1.3839744688474722,4.5
motion_yaw,transformer,transformer_d128_heads_4_layers_2_ff_256_lr_0p0003,/workspaces/nuscenes_trajectory_demo/outputs/results_motion_yaw/transformer/transformer_horizon_errors.csv,err_5p0s,1.6202579428351205,5.0
motion_yaw,transformer,transformer_d128_heads_4_layers_2_ff_256_lr_0p0003,/workspaces/nuscenes_trajectory_demo/outputs/results_motion_yaw/transformer/transformer_horizon_errors.csv,err_5p5s,1.87730762169072,5.5
motion_yaw,transformer,transformer_d128_heads_4_layers_2_ff_256_lr_0p0003,/workspaces/nuscenes_trajectory_demo/outputs/results_motion_yaw/transformer/transformer_horizon_errors.csv,err_6p0s,2.145681631505299,6.0
motion_yaw,transformer,transformer_d128_heads_4_layers_2_ff_512_lr_0p0003,/workspaces/nuscenes_trajectory_demo/outputs/results_motion_yaw/transformer/transformer_horizon_errors.csv,err_0p5s,0.1318395121236542,0.5
motion_yaw,transformer,transformer_d128_heads_4_layers_2_ff_512_lr_0p0003,/workspaces/nuscenes_trajectory_demo/outputs/results_motion_yaw/transformer/transformer_horizon_errors.csv,err_1p0s,0.2491694259320369,1.0
motion_yaw,transformer,transformer_d128_heads_4_layers_2_ff_512_lr_0p0003,/workspaces/nuscenes_trajectory_demo/outputs/results_motion_yaw/transformer/transformer_horizon_errors.csv,err_1p5s,0.3724527734273744,1.5
motion_yaw,transformer,transformer_d128_heads_4_layers_2_ff_512_lr_0p0003,/workspaces/nuscenes_trajectory_demo/outputs/results_motion_yaw/transformer/transformer_horizon_errors.csv,err_2p0s,0.5115314303118133,2.0
motion_yaw,transformer,transformer_d128_heads_4_layers_2_ff_512_lr_0p0003,/workspaces/nuscenes_trajectory_demo/outputs/results_motion_yaw/transformer/transformer_horizon_errors.csv,err_2p5s,0.6646032812054314,2.5
motion_yaw,transformer,transformer_d128_heads_4_layers_2_ff_512_lr_0p0003,/workspaces/nuscenes_trajectory_demo/outputs/results_motion_yaw/transformer/transformer_horizon_errors.csv,err_3p0s,0.8391844854102767,3.0
motion_yaw,transformer,transformer_d128_heads_4_layers_2_ff_512_lr_0p0003,/workspaces/nuscenes_trajectory_demo/outputs/results_motion_yaw/transformer/transformer_horizon_errors.csv,err_3p5s,1.011853540713756,3.5
motion_yaw,transformer,transformer_d128_heads_4_layers_2_ff_512_lr_0p0003,/workspaces/nuscenes_trajectory_demo/outputs/results_motion_yaw/transformer/transformer_horizon_errors.csv,err_4p0s,1.2140681419596977,4.0
motion_yaw,transformer,transformer_d128_heads_4_layers_2_ff_512_lr_0p0003,/workspaces/nuscenes_trajectory_demo/outputs/results_motion_yaw/transformer/transformer_horizon_errors.csv,err_4p5s,1.42682503903581,4.5
motion_yaw,transformer,transformer_d128_heads_4_layers_2_ff_512_lr_0p0003,/workspaces/nuscenes_trajectory_demo/outputs/results_motion_yaw/transformer/transformer_horizon_errors.csv,err_5p0s,1.6572956472227816,5.0
motion_yaw,transformer,transformer_d128_heads_4_layers_2_ff_512_lr_0p0003,/workspaces/nuscenes_trajectory_demo/outputs/results_motion_yaw/transformer/transformer_horizon_errors.csv,err_5p5s,1.9140037829658303,5.5
motion_yaw,transformer,transformer_d128_heads_4_layers_2_ff_512_lr_0p0003,/workspaces/nuscenes_trajectory_demo/outputs/results_motion_yaw/transformer/transformer_horizon_errors.csv,err_6p0s,2.1937468307151,6.0
motion_yaw,transformer,transformer_d64_heads_4_layers_1_ff_128_lr_0p0003,/workspaces/nuscenes_trajectory_demo/outputs/results_motion_yaw/transformer/transformer_horizon_errors.csv,err_0p5s,0.1710554587863788,0.5
motion_yaw,transformer,transformer_d64_heads_4_layers_1_ff_128_lr_0p0003,/workspaces/nuscenes_trajectory_demo/outputs/results_motion_yaw/transformer/transformer_horizon_errors.csv,err_1p0s,0.3150650371806643,1.0
motion_yaw,transformer,transformer_d64_heads_4_layers_1_ff_128_lr_0p0003,/workspaces/nuscenes_trajectory_demo/outputs/results_motion_yaw/transformer/transformer_horizon_errors.csv,err_1p5s,0.4624832530766566,1.5
motion_yaw,transformer,transformer_d64_heads_4_layers_1_ff_128_lr_0p0003,/workspaces/nuscenes_trajectory_demo/outputs/results_motion_yaw/transformer/transformer_horizon_errors.csv,err_2p0s,0.6309254643763945,2.0
motion_yaw,transformer,transformer_d64_heads_4_layers_1_ff_128_lr_0p0003,/workspaces/nuscenes_trajectory_demo/outputs/results_motion_yaw/transformer/transformer_horizon_errors.csv,err_2p5s,0.8077987911264327,2.5
motion_yaw,transformer,transformer_d64_heads_4_layers_1_ff_128_lr_0p0003,/workspaces/nuscenes_trajectory_demo/outputs/results_motion_yaw/transformer/transformer_horizon_errors.csv,err_3p0s,0.9725984336996176,3.0
motion_yaw,transformer,transformer_d64_heads_4_layers_1_ff_128_lr_0p0003,/workspaces/nuscenes_trajectory_demo/outputs/results_motion_yaw/transformer/transformer_horizon_errors.csv,err_3p5s,1.1782250375875842,3.5
motion_yaw,transformer,transformer_d64_heads_4_layers_1_ff_128_lr_0p0003,/workspaces/nuscenes_trajectory_demo/outputs/results_motion_yaw/transformer/transformer_horizon_errors.csv,err_4p0s,1.3752589361267218,4.0
motion_yaw,transformer,transformer_d64_heads_4_layers_1_ff_128_lr_0p0003,/workspaces/nuscenes_trajectory_demo/outputs/results_motion_yaw/transformer/transformer_horizon_errors.csv,err_4p5s,1.5977531037192834,4.5
motion_yaw,transformer,transformer_d64_heads_4_layers_1_ff_128_lr_0p0003,/workspaces/nuscenes_trajectory_demo/outputs/results_motion_yaw/transformer/transformer_horizon_errors.csv,err_5p0s,1.8406132743905552,5.0
motion_yaw,transformer,transformer_d64_heads_4_layers_1_ff_128_lr_0p0003,/workspaces/nuscenes_trajectory_demo/outputs/results_motion_yaw/transformer/transformer_horizon_errors.csv,err_5p5s,2.120591107778389,5.5
motion_yaw,transformer,transformer_d64_heads_4_layers_1_ff_128_lr_0p0003,/workspaces/nuscenes_trajectory_demo/outputs/results_motion_yaw/transformer/transformer_horizon_errors.csv,err_6p0s,2.385847371733028,6.0
